Time,City,State,TemperatureC,TemperatureF,TemperatureK,Day_Date,Max_Temp,Min_Temp,Air_Quality,Wind,Humidity,Visibility,Pressure,Dew_point,UV_index,Status,Moon_Phase,Sunrise,Sunset,Moonrise,Moonset,Sunny,Rainsnow,Rainday,AvgRainDay,AvgSnowDay,Umbrella,Outdoors,Driving,Clothing,Heat_Stroke,Wind_Chill,Date_Taken,WeekDay,Umbrella Needed,Outdoors Needed,Driving Needed,Clothing Needed,Heat Stroke Needed,Wind Chill Needed,Umbrella Rank,Outdoors Rank,Driving Needed Rank,Clothing Rank,Heat Stroke Rank,Wind Chill Rank,Date
3:04 PM,Bengaluru South, Karnataka,33,91.4,306,Sat 9,35,23,80,5,0.24,6,1016,10,9, Very High,Waning Crescent,6:31 AM,6:29 PM,4:34 PM,4:46 AM,31,0,2,0.04,0,Umbrella No need,Outdoors Good,Driving safety Great,Clothing Shorts,Heat stroke Caution,Wind chill Safe,2024-03-08 15:04:53,W6,No need, Good, Great,Shorts,Caution,Safe,1,2,2,S,C,S,3/8/2024
3:04 PM,Mumbai, Maharashtra,30,86,303,Sat 9,31,23,118,20,0.26,3,1012,9,10, Very High,Waning Crescent,6:52 AM,6:46 PM,4:45 PM,5:17 AM,31,0,0,0.01,0,Umbrella No need,Outdoors Good,Driving safety Very poor,Clothing Shorts,Heat stroke Caution,Wind chill Safe,2024-03-08 15:05:23,W6,No need, Good, Very poor,Shorts,Caution,Safe,1,2,2,S,C,S,3/8/2024
3:05 PM,Mandya, Karnataka,35,95,308,Sat 9,37,23,80,5,0.22,10,1012,10,10, Very High,Waning Crescent,6:33 AM,6:32 PM,4:38 PM,4:49 AM,31,0,0,0.04,0,Umbrella No need,Outdoors Good,Driving safety Great,Clothing Shorts,Heat stroke Extreme caution,Wind chill Safe,2024-03-08 15:05:58,W6,No need, Good, Great,Shorts,Extreme caution,Safe,1,2,2,S,EC,S,3/8/2024
3:06 PM,Thane, Maharashtra,36,96.8,309,Sat 9,37,21,95,14,0.15,4,1011,6,10, Very High,Waning Crescent,6:51 AM,6:46 PM,4:44 PM,5:17 AM,31,0,0,0.01,0,Umbrella No need,Outdoors Good,Driving safety Very poor,Clothing Shorts,Heat stroke Extreme caution,Wind chill Safe,2024-03-08 15:06:30,W6,No need, Good, Very poor,Shorts,Extreme caution,Safe,1,2,2,S,EC,S,3/8/2024
3:06 PM,Chennai, Tamil Nadu,34,93.2,307,Sat 9,34,25,132,10,0.59,6,1009,24,8, Very High,Waning Crescent,6:20 AM,6:18 PM,4:23 PM,4:35 AM,30,0,2,0.05,0,Umbrella No need,Outdoors Good,Driving safety Great,Clothing Shorts,Heat stroke Danger,Wind chill Safe,2024-03-08 15:07:04,W6,No need, Good, Great,Shorts,Danger,Safe,1,2,2,S,D,S,3/8/2024
3:07 PM,Delhi, India,26,78.8,299,Sat 9,27,12,233,10,0.3,5,1017,7,6, High,Waning Crescent,6:38 AM,6:25 PM,4:10 PM,5:17 AM,29,0,7,0.09,0,Umbrella No need,Outdoors Very poor,Driving safety Very poor,Clothing Breathable clothing,Heat stroke Safe,Wind chill Safe,2024-03-08 15:07:37,W6,No need, Very poor, Very poor,Breathable clothing,Safe,Safe,1,3,5,B,S,S,3/8/2024
3:07 PM,Meghalaya Tourism Development Corporation, Shillong,20,68,293,Sat 9,21,9,89,4,0.25,4,1012,0,8, Very High,Waning Crescent,5:38 AM,5:28 PM,3:15 PM,4:10 AM,18,13,26,0.25,0,Umbrella No need,Outdoors Great,Driving safety Very poor,Clothing Light jacket,Heat stroke Safe,Wind chill Safe,2024-03-08 15:08:11,W6,No need, Great, Very poor,Light jacket,Safe,Safe,1,1,1,LJ,S,S,3/8/2024
3:08 PM,Srinagar, Jammu & Kashmir,14,57.2,287,Sat 9,16,2,169,3,0.61,4,1020,7,6, High,Waning Crescent,6:50 AM,6:33 PM,4:10 PM,5:40 AM,11,16,32,0.55,0.22,Umbrella No need,Outdoors Very poor,Driving safety Great,Clothing Light jacket,Heat stroke Safe,Wind chill Safe,2024-03-08 15:08:42,W6,No need, Very poor, Great,Light jacket,Safe,Safe,1,3,5,LJ,S,S,3/8/2024
3:13 PM,Bengaluru South, Karnataka,33,91.4,306,Sat 9,35,23,80,5,0.24,6,1016,10,9, Very High,Waning Crescent,6:31 AM,6:29 PM,4:34 PM,4:46 AM,31,0,2,0.04,0,Umbrella No need,Outdoors Good,Driving safety Great,Clothing Shorts,Heat stroke Caution,Wind chill Safe,2024-03-08 15:14:08,W6,No need, Good, Great,Shorts,Caution,Safe,1,2,2,S,C,S,3/8/2024
3:14 PM,Mumbai, Maharashtra,30,86,303,Sat 9,31,23,118,20,0.26,3,1012,9,10, Very High,Waning Crescent,6:52 AM,6:46 PM,4:45 PM,5:17 AM,31,0,0,0.01,0,Umbrella No need,Outdoors Good,Driving safety Very poor,Clothing Shorts,Heat stroke Caution,Wind chill Safe,2024-03-08 15:14:35,W6,No need, Good, Very poor,Shorts,Caution,Safe,1,2,2,S,C,S,3/8/2024
3:14 PM,Mandya, Karnataka,35,95,308,Sat 9,37,23,80,5,0.22,10,1012,10,10, Very High,Waning Crescent,6:33 AM,6:32 PM,4:38 PM,4:49 AM,31,0,0,0.04,0,Umbrella No need,Outdoors Good,Driving safety Great,Clothing Shorts,Heat stroke Extreme caution,Wind chill Safe,2024-03-08 15:15:04,W6,No need, Good, Great,Shorts,Extreme caution,Safe,1,2,2,S,EC,S,3/8/2024
3:15 PM,Thane, Maharashtra,36,96.8,309,Sat 9,37,21,95,14,0.15,4,1011,6,10, Very High,Waning Crescent,6:51 AM,6:46 PM,4:44 PM,5:17 AM,31,0,0,0.01,0,Umbrella No need,Outdoors Good,Driving safety Very poor,Clothing Shorts,Heat stroke Extreme caution,Wind chill Safe,2024-03-08 15:15:35,W6,No need, Good, Very poor,Shorts,Extreme caution,Safe,1,2,2,S,EC,S,3/8/2024
3:15 PM,Chennai, Tamil Nadu,34,93.2,307,Sat 9,34,25,132,10,0.59,6,1009,24,8, Very High,Waning Crescent,6:20 AM,6:18 PM,4:23 PM,4:35 AM,30,0,2,0.05,0,Umbrella No need,Outdoors Good,Driving safety Great,Clothing Shorts,Heat stroke Danger,Wind chill Safe,2024-03-08 15:16:08,W6,No need, Good, Great,Shorts,Danger,Safe,1,2,2,S,D,S,3/8/2024
3:16 PM,Delhi, India,26,78.8,299,Sat 9,27,12,233,10,0.3,5,1017,7,6, High,Waning Crescent,6:38 AM,6:25 PM,4:10 PM,5:17 AM,29,0,7,0.09,0,Umbrella No need,Outdoors Very poor,Driving safety Very poor,Clothing Breathable clothing,Heat stroke Safe,Wind chill Safe,2024-03-08 15:16:44,W6,No need, Very poor, Very poor,Breathable clothing,Safe,Safe,1,3,5,B,S,S,3/8/2024
3:16 PM,Meghalaya Tourism Development Corporation, Shillong,20,68,293,Sat 9,21,9,89,4,0.25,4,1012,0,8, Very High,Waning Crescent,5:38 AM,5:28 PM,3:15 PM,4:10 AM,18,13,26,0.25,0,Umbrella No need,Outdoors Great,Driving safety Very poor,Clothing Light jacket,Heat stroke Safe,Wind chill Safe,2024-03-08 15:17:20,W6,No need, Great, Very poor,Light jacket,Safe,Safe,1,1,1,LJ,S,S,3/8/2024
3:17 PM,Srinagar, Jammu & Kashmir,14,57.2,287,Sat 9,16,2,169,3,0.61,4,1020,7,6, High,Waning Crescent,6:50 AM,6:33 PM,4:10 PM,5:40 AM,11,16,32,0.55,0.22,Umbrella No need,Outdoors Very poor,Driving safety Great,Clothing Light jacket,Heat stroke Safe,Wind chill Safe,2024-03-08 15:17:53,W6,No need, Very poor, Great,Light jacket,Safe,Safe,1,3,5,LJ,S,S,3/8/2024
3:24 PM,Bengaluru South, Karnataka,33,91.4,306,Sat 9,35,23,80,5,0.24,6,1016,10,9, Very High,Waning Crescent,6:31 AM,6:29 PM,4:34 PM,4:46 AM,31,0,2,0.04,0,Umbrella No need,Outdoors Good,Driving safety Great,Clothing Shorts,Heat stroke Caution,Wind chill Safe,2024-03-08 15:24:51,W6,No need, Good, Great,Shorts,Caution,Safe,1,2,2,S,C,S,3/8/2024
3:24 PM,Mumbai, Maharashtra,30,86,303,Sat 9,31,23,118,20,0.26,3,1012,9,10, Very High,Waning Crescent,6:52 AM,6:46 PM,4:45 PM,5:17 AM,31,0,0,0.01,0,Umbrella No need,Outdoors Good,Driving safety Very poor,Clothing Shorts,Heat stroke Caution,Wind chill Safe,2024-03-08 15:25:22,W6,No need, Good, Very poor,Shorts,Caution,Safe,1,2,2,S,C,S,3/8/2024
3:25 PM,Mandya, Karnataka,35,95,308,Sat 9,37,23,80,5,0.22,10,1012,10,10, Very High,Waning Crescent,6:33 AM,6:32 PM,4:38 PM,4:49 AM,31,0,0,0.04,0,Umbrella No need,Outdoors Good,Driving safety Great,Clothing Shorts,Heat stroke Extreme caution,Wind chill Safe,2024-03-08 15:25:53,W6,No need, Good, Great,Shorts,Extreme caution,Safe,1,2,2,S,EC,S,3/8/2024
3:25 PM,Thane, Maharashtra,36,96.8,309,Sat 9,37,21,95,14,0.15,4,1011,6,10, Very High,Waning Crescent,6:51 AM,6:46 PM,4:44 PM,5:17 AM,31,0,0,0.01,0,Umbrella No need,Outdoors Good,Driving safety Very poor,Clothing Shorts,Heat stroke Extreme caution,Wind chill Safe,2024-03-08 15:26:27,W6,No need, Good, Very poor,Shorts,Extreme caution,Safe,1,2,2,S,EC,S,3/8/2024
3:26 PM,Chennai, Tamil Nadu,34,93.2,307,Sat 9,34,25,132,10,0.59,6,1009,24,8, Very High,Waning Crescent,6:20 AM,6:18 PM,4:23 PM,4:35 AM,30,0,2,0.05,0,Umbrella No need,Outdoors Good,Driving safety Great,Clothing Shorts,Heat stroke Danger,Wind chill Safe,2024-03-08 15:26:58,W6,No need, Good, Great,Shorts,Danger,Safe,1,2,2,S,D,S,3/8/2024
3:27 PM,Delhi, India,26,78.8,299,Sat 9,27,12,233,10,0.3,5,1017,7,6, High,Waning Crescent,6:38 AM,6:25 PM,4:10 PM,5:17 AM,29,0,7,0.09,0,Umbrella No need,Outdoors Very poor,Driving safety Very poor,Clothing Breathable clothing,Heat stroke Safe,Wind chill Safe,2024-03-08 15:27:34,W6,No need, Very poor, Very poor,Breathable clothing,Safe,Safe,1,3,5,B,S,S,3/8/2024
3:27 PM,Meghalaya Tourism Development Corporation, Shillong,20,68,293,Sat 9,21,9,89,4,0.25,4,1012,0,8, Very High,Waning Crescent,5:38 AM,5:28 PM,3:15 PM,4:10 AM,18,13,26,0.25,0,Umbrella No need,Outdoors Great,Driving safety Very poor,Clothing Light jacket,Heat stroke Safe,Wind chill Safe,2024-03-08 15:28:07,W6,No need, Great, Very poor,Light jacket,Safe,Safe,1,1,1,LJ,S,S,3/8/2024
3:28 PM,Srinagar, Jammu & Kashmir,14,57.2,287,Sat 9,16,2,169,3,0.61,4,1020,7,6, High,Waning Crescent,6:50 AM,6:33 PM,4:10 PM,5:40 AM,11,16,32,0.55,0.22,Umbrella No need,Outdoors Very poor,Driving safety Great,Clothing Light jacket,Heat stroke Safe,Wind chill Safe,2024-03-08 15:28:44,W6,No need, Very poor, Great,Light jacket,Safe,Safe,1,3,5,LJ,S,S,3/8/2024
3:40 PM,Bengaluru South, Karnataka,33,91.4,306,Sat 9,35,23,80,5,0.24,6,1016,10,9, Very High,Waning Crescent,6:31 AM,6:29 PM,4:34 PM,4:46 AM,31,0,2,0.04,0,Umbrella No need,Outdoors Good,Driving safety Great,Clothing Shorts,Heat stroke Caution,Wind chill Safe,2024-03-08 15:41:11,W6,No need, Good, Great,Shorts,Caution,Safe,1,2,2,S,C,S,3/8/2024
3:41 PM,Mumbai, Maharashtra,30,86,303,Sat 9,31,23,118,20,0.26,3,1012,9,10, Very High,Waning Crescent,6:52 AM,6:46 PM,4:45 PM,5:17 AM,31,0,0,0.01,0,Umbrella No need,Outdoors Good,Driving safety Very poor,Clothing Shorts,Heat stroke Caution,Wind chill Safe,2024-03-08 15:41:40,W6,No need, Good, Very poor,Shorts,Caution,Safe,1,2,2,S,C,S,3/8/2024
3:41 PM,Mandya, Karnataka,35,95,308,Sat 9,37,23,80,4,0.24,8,1013,12,10, Very High,Waning Crescent,6:33 AM,6:32 PM,4:38 PM,4:49 AM,31,0,0,0.04,0,Umbrella No need,Outdoors Great,Driving safety Great,Clothing Shorts,Heat stroke Extreme caution,Wind chill Safe,2024-03-08 15:42:12,W6,No need, Great, Great,Shorts,Extreme caution,Safe,1,1,1,S,EC,S,3/8/2024
3:42 PM,Thane, Maharashtra,36,96.8,309,Sat 9,37,21,95,14,0.15,4,1011,6,10, Very High,Waning Crescent,6:51 AM,6:46 PM,4:44 PM,5:17 AM,31,0,0,0.01,0,Umbrella No need,Outdoors Good,Driving safety Very poor,Clothing Shorts,Heat stroke Extreme caution,Wind chill Safe,2024-03-08 15:42:43,W6,No need, Good, Very poor,Shorts,Extreme caution,Safe,1,2,2,S,EC,S,3/8/2024
3:42 PM,Chennai, Tamil Nadu,34,93.2,307,Sat 9,34,25,132,10,0.59,6,1009,24,8, Very High,Waning Crescent,6:20 AM,6:18 PM,4:23 PM,4:35 AM,30,0,2,0.05,0,Umbrella No need,Outdoors Good,Driving safety Great,Clothing Shorts,Heat stroke Danger,Wind chill Safe,2024-03-08 15:43:13,W6,No need, Good, Great,Shorts,Danger,Safe,1,2,2,S,D,S,3/8/2024
3:43 PM,Delhi, India,26,78.8,299,Sat 9,27,12,233,10,0.3,5,1017,7,6, High,Waning Crescent,6:38 AM,6:25 PM,4:10 PM,5:17 AM,29,0,7,0.09,0,Umbrella No need,Outdoors Very poor,Driving safety Very poor,Clothing Breathable clothing,Heat stroke Safe,Wind chill Safe,2024-03-08 15:43:49,W6,No need, Very poor, Very poor,Breathable clothing,Safe,Safe,1,3,5,B,S,S,3/8/2024
3:43 PM,Meghalaya Tourism Development Corporation, Shillong,20,68,293,Sat 9,21,9,89,5,0.41,4,1012,6,8, Very High,Waning Crescent,5:38 AM,5:28 PM,3:15 PM,4:10 AM,18,13,26,0.25,0,Umbrella No need,Outdoors Great,Driving safety Great,Clothing Light jacket,Heat stroke Safe,Wind chill Safe,2024-03-08 15:44:22,W6,No need, Great, Great,Light jacket,Safe,Safe,1,1,1,LJ,S,S,3/8/2024
3:44 PM,Srinagar, Jammu & Kashmir,14,57.2,287,Sat 9,16,3,169,3,0.64,4,1020,7,6, High,Waning Crescent,6:50 AM,6:33 PM,4:10 PM,5:40 AM,12,15,32,0.55,0.22,Umbrella No need,Outdoors Good,Driving safety Great,Clothing Heavy coat,Heat stroke Safe,Wind chill Caution,2024-03-08 15:45:00,W6,No need, Good, Great,Heavy coat,Safe,Caution,1,2,2,HC,S,C,3/8/2024
9:15 AM,Bengaluru South, Karnataka,25,77,298,Sun 10,33,23,90,7,0.41,6,1019,12,9, Very High,Waning Crescent,6:30 AM,6:29 PM,5:37 PM,5:37 AM,31,0,1,0,0,Umbrella No need,Outdoors Great,Driving safety Great,Clothing Shorts,Heat stroke Caution,Wind chill Safe,2024-03-09 9:16:09,W7,No need, Great, Great,Shorts,Caution,Safe,1,1,1,S,C,S,3/9/2024
9:16 AM,Mumbai, Maharashtra,24,75.2,297,Sun 10,30,23,89,9,0.29,2.2,1013,5,10, Very High,Waning Crescent,6:51 AM,6:46 PM,5:50 PM,6:04 AM,31,0,1,0,0,Umbrella No need,Outdoors Great,Driving safety Very poor,Clothing Shorts,Heat stroke Caution,Wind chill Safe,2024-03-09 9:16:37,W7,No need, Great, Very poor,Shorts,Caution,Safe,1,1,1,S,C,S,3/9/2024
9:16 AM,Mandya, Karnataka,27,80.6,300,Sun 10,36,22,78,5,0.53,6,1019,16,10, Very High,Waning Crescent,6:33 AM,6:32 PM,5:40 PM,5:40 AM,31,0,2,0.1,0,Umbrella No need,Outdoors Great,Driving safety Great,Clothing Shorts,Heat stroke Extreme caution,Wind chill Safe,2024-03-09 9:17:08,W7,No need, Great, Great,Shorts,Extreme caution,Safe,1,1,1,S,EC,S,3/9/2024
9:17 AM,Thane, Maharashtra,25,77,298,Sun 10,36,20,78,5,0.27,2.2,1013,4,10, Very High,Waning Crescent,6:51 AM,6:46 PM,5:50 PM,6:04 AM,31,0,1,0,0,Umbrella No need,Outdoors Great,Driving safety Very poor,Clothing Shorts,Heat stroke Extreme caution,Wind chill Safe,2024-03-09 9:17:37,W7,No need, Great, Very poor,Shorts,Extreme caution,Safe,1,1,1,S,EC,S,3/9/2024
9:17 AM,Chennai, Tamil Nadu,28,82.4,301,Sun 10,33,26,116,4,0.7,3,1013,21,9, Very High,Waning Crescent,6:20 AM,6:19 PM,5:26 PM,5:26 AM,30,0,3,0,0,Umbrella No need,Outdoors Good,Driving safety Great,Clothing Shorts,Heat stroke Danger,Wind chill Safe,2024-03-09 9:18:07,W7,No need, Good, Great,Shorts,Danger,Safe,1,2,2,S,D,S,3/9/2024
9:18 AM,Delhi, India,17,62.6,290,Sun 10,27,14,202,8,0.52,1.2,1017,7,7, High,Waning Crescent,6:37 AM,6:26 PM,5:22 PM,5:59 AM,29,0,4,0,0,Umbrella No need,Outdoors Very poor,Driving safety Very poor,Clothing Breathable clothing,Heat stroke Safe,Wind chill Safe,2024-03-09 9:18:39,W7,No need, Very poor, Very poor,Breathable clothing,Safe,Safe,1,3,5,B,S,S,3/9/2024
9:18 AM,Meghalaya Tourism Development Corporation, Shillong,13,55.4,286,Sun 10,21,11,69,3,0.48,2,1017,3,7, High,Waning Crescent,5:37 AM,5:28 PM,4:24 PM,4:54 AM,19,12,9,0,0,Umbrella No need,Outdoors Great,Driving safety Good,Clothing Light jacket,Heat stroke Safe,Wind chill Safe,2024-03-09 9:19:10,W7,No need, Great, Good,Light jacket,Safe,Safe,1,1,1,LJ,S,S,3/9/2024
9:19 AM,Srinagar, Jammu & Kashmir,4,39.2,277,Sun 10,14,5,144,1,0.61,4,1027,-3,7, High,Waning Crescent,6:48 AM,6:34 PM,5:25 PM,6:17 AM,11,15,17,0.5,0.2,Umbrella No need,Outdoors Good,Driving safety Great,Clothing Light jacket,Heat stroke Safe,Wind chill Caution,2024-03-09 9:19:46,W7,No need, Good, Great,Light jacket,Safe,Caution,1,2,2,LJ,S,C,3/9/2024
9:32 AM,Bengaluru South, Karnataka,25,77,298,Mon 11,34,22,100,11,0.51,4,1020,14,8, Very High,New,6:30 AM,6:29 PM,6:36 PM,6:24 AM,31,0,5,0.04,0,Umbrella No need,Outdoors Great,Driving safety Great,Clothing Shorts,Heat stroke Caution,Wind chill Safe,2024-03-10 9:32:33,W1,No need, Great, Great,Shorts,Caution,Safe,1,1,1,S,C,S,3/10/2024
9:32 AM,Mumbai, Maharashtra,25,77,298,Mon 11,31,24,119,7,0.21,2.1,1014,1,9, Very High,New,6:50 AM,6:47 PM,6:54 PM,6:47 AM,31,0,2,0.01,0,Umbrella No need,Outdoors Great,Driving safety Very poor,Clothing Shorts,Heat stroke Caution,Wind chill Safe,2024-03-10 9:33:11,W1,No need, Great, Very poor,Shorts,Caution,Safe,1,1,1,S,C,S,3/10/2024
9:33 AM,Mandya, Karnataka,27,80.6,300,Mon 11,36,23,75,8,0.42,4,1018,13,9, Very High,New,6:32 AM,6:32 PM,6:39 PM,6:26 AM,31,0,4,0.02,0,Umbrella No need,Outdoors Great,Driving safety Great,Clothing Shorts,Heat stroke Extreme caution,Wind chill Safe,2024-03-10 9:33:47,W1,No need, Great, Great,Shorts,Extreme caution,Safe,1,1,1,S,EC,S,3/10/2024
9:33 AM,Thane, Maharashtra,24,75.2,297,Mon 11,37,22,106,6,0.19,2.1,1014,-1,9, Very High,New,6:50 AM,6:46 PM,6:53 PM,6:47 AM,31,0,0,0.01,0,Umbrella No need,Outdoors Great,Driving safety Very poor,Clothing Shorts,Heat stroke Extreme caution,Wind chill Safe,2024-03-10 9:34:40,W1,No need, Great, Very poor,Shorts,Extreme caution,Safe,1,1,1,S,EC,S,3/10/2024
9:34 AM,Chennai, Tamil Nadu,29,84.2,302,Mon 11,33,26,113,5,0.64,3,1015,20,9, Very High,New,6:19 AM,6:19 PM,6:25 PM,6:13 AM,30,0,10,0.05,0,Umbrella No need,Outdoors Good,Driving safety Great,Clothing Shorts,Heat stroke Extreme caution,Wind chill Safe,2024-03-10 9:35:10,W1,No need, Good, Great,Shorts,Extreme caution,Safe,1,2,2,S,EC,S,3/10/2024
9:35 AM,Delhi, India,18,64.4,291,Mon 11,30,14,247,6,0.5,1.5,1016,7,7, High,New,6:36 AM,6:26 PM,6:31 PM,6:36 AM,29,0,13,0.09,0,Umbrella No need,Outdoors Very poor,Driving safety Very poor,Clothing Breathable clothing,Heat stroke Caution,Wind chill Safe,2024-03-10 9:35:39,W1,No need, Very poor, Very poor,Breathable clothing,Caution,Safe,1,3,5,B,C,S,3/10/2024
9:35 AM,Meghalaya Tourism Development Corporation, Shillong,17,62.6,290,Mon 11,23,11,88,4,0.44,2,1018,5,7, High,New,5:36 AM,5:29 PM,5:32 PM,5:34 AM,20,11,27,0.25,0,Umbrella No need,Outdoors Great,Driving safety Very poor,Clothing Light jacket,Heat stroke Safe,Wind chill Safe,2024-03-10 9:36:12,W1,No need, Great, Very poor,Light jacket,Safe,Safe,1,1,1,LJ,S,S,3/10/2024
9:36 AM,Srinagar, Jammu & Kashmir,6,42.8,279,Mon 11,14,5,245,1,0.48,4,1025,-4,3, Moderate,New,6:47 AM,6:34 PM,6:39 PM,6:51 AM,13,14,43,0.56,0.21,Umbrella No need,Outdoors Very poor,Driving safety Great,Clothing Light jacket,Heat stroke Safe,Wind chill Safe,2024-03-10 9:36:45,W1,No need, Very poor, Great,Light jacket,Safe,Safe,1,3,5,LJ,S,S,3/10/2024
3:08 PM,Bengaluru South, Karnataka,32,89.6,305,Mon 11,34,22,90,7,0.28,6,1018,12,8, Very High,New,6:30 AM,6:29 PM,6:36 PM,6:24 AM,31,0,5,0.04,0,Umbrella No need,Outdoors Good,Driving safety Great,Clothing Shorts,Heat stroke Caution,Wind chill Safe,2024-03-10 15:09:24,W1,No need, Good, Great,Shorts,Caution,Safe,1,2,2,S,C,S,3/10/2024
3:09 PM,Mumbai, Maharashtra,30,86,303,Mon 11,31,24,131,15,0.29,3.5,1013,10,9, Very High,New,6:50 AM,6:47 PM,6:54 PM,6:47 AM,31,0,2,0.01,0,Umbrella No need,Outdoors Good,Driving safety Very poor,Clothing Shorts,Heat stroke Caution,Wind chill Safe,2024-03-10 15:09:51,W1,No need, Good, Very poor,Shorts,Caution,Safe,1,2,2,S,C,S,3/10/2024
3:09 PM,Mandya, Karnataka,36,96.8,309,Mon 11,36,23,83,5,0.23,10,1014,12,9, Very High,New,6:32 AM,6:32 PM,6:39 PM,6:26 AM,31,0,4,0.02,0,Umbrella No need,Outdoors Good,Driving safety Fair,Clothing Shorts,Heat stroke Extreme caution,Wind chill Safe,2024-03-10 15:10:23,W1,No need, Good, Fair,Shorts,Extreme caution,Safe,1,2,2,S,EC,S,3/10/2024
3:10 PM,Thane, Maharashtra,35,95,308,Mon 11,38,23,112,13,0.19,3.5,1013,9,9, Very High,New,6:50 AM,6:46 PM,6:53 PM,6:47 AM,31,0,0,0.01,0,Umbrella No need,Outdoors Good,Driving safety Very poor,Clothing Shorts,Heat stroke Extreme caution,Wind chill Safe,2024-03-10 15:10:54,W1,No need, Good, Very poor,Shorts,Extreme caution,Safe,1,2,2,S,EC,S,3/10/2024
3:10 PM,Chennai, Tamil Nadu,34,93.2,307,Mon 11,34,26,108,10,0.53,6,1013,23,9, Very High,New,6:19 AM,6:19 PM,6:25 PM,6:13 AM,30,0,10,0.05,0,Umbrella No need,Outdoors Good,Driving safety Great,Clothing Shorts,Heat stroke Danger,Wind chill Safe,2024-03-11 15:11:26,W2,No need, Good, Great,Shorts,Danger,Safe,1,2,2,S,D,S,3/11/2024
3:11 PM,Delhi, India,28,82.4,301,Mon 11,30,14,266,6,0.29,5,1015,8,7, High,New,6:36 AM,6:26 PM,6:31 PM,6:36 AM,29,0,13,0.09,0,Umbrella No need,Outdoors Very poor,Driving safety Very poor,Clothing Breathable clothing,Heat stroke Caution,Wind chill Safe,2024-03-11 15:12:00,W2,No need, Very poor, Very poor,Breathable clothing,Caution,Safe,1,3,5,B,C,S,3/11/2024
3:12 PM,Meghalaya Tourism Development Corporation, Shillong,20,68,293,Mon 11,23,11,117,4,0.33,2,1015,4,7, High,New,5:36 AM,5:29 PM,5:32 PM,5:34 AM,20,11,27,0.25,0,Umbrella No need,Outdoors Great,Driving safety Very poor,Clothing Light jacket,Heat stroke Safe,Wind chill Safe,2024-03-12 15:12:00,W3,No need, Great, Very poor,Light jacket,Safe,Safe,1,1,1,LJ,S,S,3/12/2024
3:12 PM,Srinagar, Jammu & Kashmir,14,57.2,287,Mon 11,14,6,308,2,0.44,4,1021,2,3, Moderate,New,6:47 AM,6:34 PM,6:39 PM,6:51 AM,12,14,43,0.56,0.21,Umbrella No need,Outdoors Very poor,Driving safety Great,Clothing Light jacket,Heat stroke Safe,Wind chill Safe,2024-03-12 15:13:04,W3,No need, Very poor, Great,Light jacket,Safe,Safe,1,3,5,LJ,S,S,3/12/2024
7:55 PM,Bengaluru South, Karnataka,31,87.8,304,Wed 20,35,22,95,7,0.23,6,1015,7,9, Very High,Waxing Gibbous,6:24 AM,6:30 PM,1:53 PM,2:21 AM,31,0,2,0.05,0,Umbrella No need,Outdoors Great,Driving safety Great,Clothing Shorts,Heat stroke Extreme caution,Wind chill Safe,2024-03-13 19:55:31,W4,No need, Great, Great,Shorts,Extreme caution,Safe,1,1,1,S,EC,S,3/13/2024
7:55 PM,Mumbai, Maharashtra,28,82.4,301,Wed 20,32,26,154,14,0.65,4,1010,21,9, Very High,Waxing Gibbous,6:43 AM,6:49 PM,1:59 PM,2:55 AM,31,0,0,0,0,Umbrella No need,Outdoors Great,Driving safety Great,Clothing Shorts,Heat stroke Caution,Wind chill Safe,2024-03-14 19:55:31,W5,No need, Great, Great,Shorts,Caution,Safe,1,1,1,S,C,S,3/14/2024
7:56 PM,Mandya, Karnataka,31,87.8,304,Wed 20,37,24,91,8,0.21,6,1013,6,10, Very High,Waxing Gibbous,6:27 AM,6:33 PM,1:57 PM,2:23 AM,31,0,1,0.03,0,Umbrella No need,Outdoors Great,Driving safety Great,Clothing Shorts,Heat stroke Extreme caution,Wind chill Safe,2024-03-15 19:55:31,W6,No need, Great, Great,Shorts,Extreme caution,Safe,1,1,1,S,EC,S,3/15/2024
7:56 PM,Thane, Maharashtra,29,84.2,302,Wed 20,37,22,131,12,0.55,4,1010,19,9, Very High,Waxing Gibbous,6:42 AM,6:49 PM,1:58 PM,2:55 AM,31,0,0,0,0,Umbrella No need,Outdoors Great,Driving safety Great,Clothing Light jacket,Heat stroke Extreme caution,Wind chill Safe,2024-03-16 19:55:31,W7,No need, Great, Great,Light jacket,Extreme caution,Safe,1,1,1,LJ,EC,S,3/16/2024
7:57 PM,Chennai, Tamil Nadu,29,84.2,302,Wed 20,33,27,126,17,0.81,6,1010,26,9, Very High,Waxing Gibbous,6:13 AM,6:19 PM,1:42 PM,2:10 AM,30,0,4,0.03,0,Umbrella No need,Outdoors Great,Driving safety Great,Clothing Shorts,Heat stroke Extreme caution,Wind chill Safe,2024-03-19 19:57:30,W3,No need, Great, Great,Shorts,Extreme caution,Safe,1,1,1,S,EC,S,3/19/2024
7:57 PM,Delhi, India,24,75.2,297,Wed 20,33,15,315,2,0.36,4,1013,8,6, High,Waxing Gibbous,6:25 AM,6:32 PM,1:17 PM,3:02 AM,29,0,10,0.05,0,Umbrella No need,Outdoors Great,Driving safety Great,Clothing Light jacket,Heat stroke Caution,Wind chill Safe,2024-03-19 19:58:01,W3,No need, Great, Great,Light jacket,Caution,Safe,1,1,1,LJ,C,S,3/19/2024
7:58 PM,Meghalaya Tourism Development Corporation, Shillong,16,60.8,289,Wed 20,13,11,158,2,0.55,2,1017,7,5, Moderate,Waxing Gibbous,5:27 AM,5:33 PM,12:24 PM,1:53 AM,18,11,7,0.25,0.22,Umbrella Need,Outdoors Great,Driving safety Poor,Clothing Light jacket,Heat stroke Safe,Wind chill Safe,2024-03-19 19:58:34,W3,la Need, Great, Poor,Light jacket,Safe,Safe,2,1,1,LJ,S,S,3/19/2024
7:58 PM,Srinagar, Jammu & Kashmir,14,57.2,287,Wed 20,21,9,205,3,0.52,4,1020,4,7, High,Waxing Gibbous,6:35 AM,6:41 PM,1:10 PM,3:29 AM,18,9,44,0.74,0.16,Umbrella No need,Outdoors Good,Driving safety Great,Clothing Light jacket,Heat stroke Safe,Wind chill Safe,2024-03-19 19:59:06,W3,No need, Good, Great,Light jacket,Safe,Safe,1,2,2,LJ,S,S,3/19/2024
8:01 PM,Bengaluru South, Karnataka,31,87.8,304,Wed 20,35,22,95,7,0.23,6,1015,7,9, Very High,Waxing Gibbous,6:24 AM,6:30 PM,1:53 PM,2:21 AM,31,0,2,0.05,0,Umbrella No need,Outdoors Great,Driving safety Great,Clothing Shorts,Heat stroke Extreme caution,Wind chill Safe,2024-03-19 20:02:04,W3,No need, Great, Great,Shorts,Extreme caution,Safe,1,1,1,S,EC,S,3/19/2024
8:02 PM,Mumbai, Maharashtra,28,82.4,301,Wed 20,32,25,154,14,0.65,4,1010,21,9, Very High,Waxing Gibbous,6:43 AM,6:49 PM,1:59 PM,2:55 AM,31,0,0,0,0,Umbrella No need,Outdoors Great,Driving safety Great,Clothing Shorts,Heat stroke Caution,Wind chill Safe,2024-03-19 20:02:34,W3,No need, Great, Great,Shorts,Caution,Safe,1,1,1,S,C,S,3/19/2024
8:02 PM,Mandya, Karnataka,31,87.8,304,Wed 20,37,23,91,8,0.21,6,1013,6,10, Very High,Waxing Gibbous,6:27 AM,6:33 PM,1:57 PM,2:23 AM,31,0,1,0.03,0,Umbrella No need,Outdoors Great,Driving safety Great,Clothing Shorts,Heat stroke Extreme caution,Wind chill Safe,2024-03-19 20:03:16,W3,No need, Great, Great,Shorts,Extreme caution,Safe,1,1,1,S,EC,S,3/19/2024
8:03 PM,Thane, Maharashtra,29,84.2,302,Wed 20,37,22,131,12,0.55,4,1010,19,9, Very High,Waxing Gibbous,6:42 AM,6:49 PM,1:58 PM,2:55 AM,31,0,0,0,0,Umbrella No need,Outdoors Great,Driving safety Great,Clothing Light jacket,Heat stroke Extreme caution,Wind chill Safe,2024-03-19 20:03:54,W3,No need, Great, Great,Light jacket,Extreme caution,Safe,1,1,1,LJ,EC,S,3/19/2024
8:03 PM,Chennai, Tamil Nadu,29,84.2,302,Wed 20,33,27,126,17,0.81,6,1010,26,9, Very High,Waxing Gibbous,6:13 AM,6:19 PM,1:42 PM,2:10 AM,30,0,4,0.03,0,Umbrella No need,Outdoors Great,Driving safety Great,Clothing Shorts,Heat stroke Extreme caution,Wind chill Safe,2024-03-19 20:04:28,W3,No need, Great, Great,Shorts,Extreme caution,Safe,1,1,1,S,EC,S,3/19/2024
8:04 PM,Delhi, India,24,75.2,297,Wed 20,33,15,315,2,0.36,4,1013,8,6, High,Waxing Gibbous,6:25 AM,6:32 PM,1:17 PM,3:02 AM,29,0,10,0.05,0,Umbrella No need,Outdoors Great,Driving safety Great,Clothing Light jacket,Heat stroke Caution,Wind chill Safe,2024-03-19 20:05:04,W3,No need, Great, Great,Light jacket,Caution,Safe,1,1,1,LJ,C,S,3/19/2024
8:05 PM,Meghalaya Tourism Development Corporation, Shillong,16,60.8,289,Wed 20,13,11,158,2,0.55,2,1017,7,5, Moderate,Waxing Gibbous,5:27 AM,5:33 PM,12:24 PM,1:53 AM,18,11,7,0.25,0.22,Umbrella Need,Outdoors Great,Driving safety Poor,Clothing Light jacket,Heat stroke Safe,Wind chill Safe,2024-03-19 20:05:44,W3,la Need, Great, Poor,Light jacket,Safe,Safe,2,1,1,LJ,S,S,3/19/2024
8:05 PM,Srinagar, Jammu & Kashmir,14,57.2,287,Wed 20,21,9,205,3,0.52,4,1020,4,7, High,Waxing Gibbous,6:35 AM,6:41 PM,1:10 PM,3:29 AM,18,9,44,0.74,0.16,Umbrella No need,Outdoors Good,Driving safety Great,Clothing Light jacket,Heat stroke Safe,Wind chill Safe,2024-03-19 20:06:15,W3,No need, Good, Great,Light jacket,Safe,Safe,1,2,2,LJ,S,S,3/19/2024
8:06 PM,Bengaluru South, Karnataka,31,87.8,304,Wed 20,35,22,95,7,0.23,6,1015,7,9, Very High,Waxing Gibbous,6:24 AM,6:30 PM,1:53 PM,2:21 AM,31,0,2,0.05,0,Umbrella No need,Outdoors Great,Driving safety Great,Clothing Shorts,Heat stroke Extreme caution,Wind chill Safe,2024-03-19 20:07:26,W3,No need, Great, Great,Shorts,Extreme caution,Safe,1,1,1,S,EC,S,3/19/2024
8:07 PM,Mumbai, Maharashtra,28,82.4,301,Wed 20,32,25,154,14,0.65,4,1010,21,9, Very High,Waxing Gibbous,6:43 AM,6:49 PM,1:59 PM,2:55 AM,31,0,0,0,0,Umbrella No need,Outdoors Great,Driving safety Great,Clothing Shorts,Heat stroke Caution,Wind chill Safe,2024-03-19 20:07:55,W3,No need, Great, Great,Shorts,Caution,Safe,1,1,1,S,C,S,3/19/2024
8:07 PM,Mandya, Karnataka,31,87.8,304,Wed 20,37,24,91,8,0.21,6,1013,6,10, Very High,Waxing Gibbous,6:27 AM,6:33 PM,1:57 PM,2:23 AM,31,0,1,0.03,0,Umbrella No need,Outdoors Great,Driving safety Great,Clothing Shorts,Heat stroke Extreme caution,Wind chill Safe,2024-03-19 20:08:25,W3,No need, Great, Great,Shorts,Extreme caution,Safe,1,1,1,S,EC,S,3/19/2024
8:08 PM,Thane, Maharashtra,29,84.2,302,Wed 20,37,22,131,12,0.55,4,1010,19,9, Very High,Waxing Gibbous,6:42 AM,6:49 PM,1:58 PM,2:55 AM,31,0,0,0,0,Umbrella No need,Outdoors Great,Driving safety Great,Clothing Light jacket,Heat stroke Extreme caution,Wind chill Safe,2024-03-19 20:08:55,W3,No need, Great, Great,Light jacket,Extreme caution,Safe,1,1,1,LJ,EC,S,3/19/2024
8:08 PM,Chennai, Tamil Nadu,28,82.4,301,Wed 20,33,27,126,17,0.81,6,1010,26,9, Very High,Waxing Gibbous,6:13 AM,6:19 PM,1:42 PM,2:10 AM,30,0,4,0.03,0,Umbrella No need,Outdoors Great,Driving safety Great,Clothing Shorts,Heat stroke Extreme caution,Wind chill Safe,2024-03-19 20:09:25,W3,No need, Great, Great,Shorts,Extreme caution,Safe,1,1,1,S,EC,S,3/19/2024
8:09 PM,Delhi, India,24,75.2,297,Wed 20,33,15,292,2,0.37,4,1013,8,6, High,Waxing Gibbous,6:25 AM,6:32 PM,1:17 PM,3:02 AM,29,0,10,0.05,0,Umbrella No need,Outdoors Great,Driving safety Great,Clothing Light jacket,Heat stroke Caution,Wind chill Safe,2024-03-19 20:09:56,W3,No need, Great, Great,Light jacket,Caution,Safe,1,1,1,LJ,C,S,3/19/2024
8:09 PM,Meghalaya Tourism Development Corporation, Shillong,16,60.8,289,Wed 20,13,11,157,2,0.55,2,1017,7,5, Moderate,Waxing Gibbous,5:27 AM,5:33 PM,12:24 PM,1:53 AM,18,11,7,0.25,0.22,Umbrella Need,Outdoors Great,Driving safety Poor,Clothing Light jacket,Heat stroke Safe,Wind chill Safe,2024-03-19 20:10:27,W3,la Need, Great, Poor,Light jacket,Safe,Safe,2,1,1,LJ,S,S,3/19/2024
8:10 PM,Srinagar, Jammu & Kashmir,14,57.2,287,Wed 20,21,9,205,3,0.52,4,1020,4,7, High,Waxing Gibbous,6:35 AM,6:41 PM,1:10 PM,3:29 AM,18,9,44,0.74,0.16,Umbrella No need,Outdoors Good,Driving safety Great,Clothing Light jacket,Heat stroke Safe,Wind chill Safe,2024-03-19 20:10:57,W3,No need, Good, Great,Light jacket,Safe,Safe,1,2,2,LJ,S,S,3/19/2024
8:13 PM,Bengaluru South, Karnataka,30,86,303,Wed 20,35,22,95,7,0.23,6,1015,7,9, Very High,Waxing Gibbous,6:24 AM,6:30 PM,1:53 PM,2:21 AM,31,32,2,0.05,0,Umbrella No need,Outdoors Great,Driving safety Great,Clothing Shorts,Heat stroke Extreme caution,Wind chill Safe,2024-03-19 20:13:34,W3,No need, Great, Great,Shorts,Extreme caution,Safe,1,1,1,S,EC,S,3/19/2024
8:13 PM,Mumbai, Maharashtra,28,82.4,301,Wed 20,32,26,154,12,0.66,4,1010,21,9, Very High,Waxing Gibbous,6:43 AM,6:49 PM,1:59 PM,2:55 AM,31,30,0,0,0,Umbrella No need,Outdoors Great,Driving safety Great,Clothing Shorts,Heat stroke Caution,Wind chill Safe,2024-03-19 20:14:04,W3,No need, Great, Great,Shorts,Caution,Safe,1,1,1,S,C,S,3/19/2024
8:14 PM,Mandya, Karnataka,31,87.8,304,Wed 20,37,24,91,8,0.21,6,1013,6,10, Very High,Waxing Gibbous,6:27 AM,6:33 PM,1:57 PM,2:23 AM,31,34,1,0.03,0,Umbrella No need,Outdoors Great,Driving safety Great,Clothing Shorts,Heat stroke Extreme caution,Wind chill Safe,2024-03-19 20:14:34,W3,No need, Great, Great,Shorts,Extreme caution,Safe,1,1,1,S,EC,S,3/19/2024
8:14 PM,Thane, Maharashtra,28,82.4,301,Wed 20,37,22,131,11,0.58,4,1010,19,9, Very High,Waxing Gibbous,6:42 AM,6:49 PM,1:58 PM,2:55 AM,31,34,0,0,0,Umbrella No need,Outdoors Great,Driving safety Great,Clothing Light jacket,Heat stroke Extreme caution,Wind chill Safe,2024-03-19 20:15:04,W3,No need, Great, Great,Light jacket,Extreme caution,Safe,1,1,1,LJ,EC,S,3/19/2024
8:15 PM,Chennai, Tamil Nadu,28,82.4,301,Wed 20,33,27,126,17,0.81,6,1010,26,9, Very High,Waxing Gibbous,6:13 AM,6:19 PM,1:42 PM,2:10 AM,31,32,4,0.03,0,Umbrella No need,Outdoors Great,Driving safety Great,Clothing Shorts,Heat stroke Extreme caution,Wind chill Safe,2024-03-19 20:15:33,W3,No need, Great, Great,Shorts,Extreme caution,Safe,1,1,1,S,EC,S,3/19/2024
8:15 PM,Delhi, India,24,75.2,297,Wed 20,33,15,292,1,0.37,4,1013,8,6, High,Waxing Gibbous,6:25 AM,6:32 PM,1:17 PM,3:02 AM,31,30,10,0.05,0,Umbrella No need,Outdoors Great,Driving safety Great,Clothing Light jacket,Heat stroke Caution,Wind chill Safe,2024-03-19 20:16:04,W3,No need, Great, Great,Light jacket,Caution,Safe,1,1,1,LJ,C,S,3/19/2024
8:16 PM,Meghalaya Tourism Development Corporation, Shillong,16,60.8,289,Wed 20,13,11,157,2,0.55,2,1017,7,5, Moderate,Waxing Gibbous,5:27 AM,5:33 PM,12:24 PM,1:53 AM,22,20,7,0.25,0.22,Umbrella Need,Outdoors Great,Driving safety Poor,Clothing Light jacket,Heat stroke Safe,Wind chill Safe,2024-03-19 20:16:36,W3,la Need, Great, Poor,Light jacket,Safe,Safe,2,1,1,LJ,S,S,3/19/2024
8:16 PM,Srinagar, Jammu & Kashmir,14,57.2,287,Wed 20,21,9,205,3,0.52,4,1020,4,7, High,Waxing Gibbous,6:35 AM,6:41 PM,1:10 PM,3:29 AM,8,13,44,0.74,0.16,Umbrella No need,Outdoors Good,Driving safety Great,Clothing Light jacket,Heat stroke Safe,Wind chill Safe,2024-03-19 20:17:08,W3,No need, Good, Great,Light jacket,Safe,Safe,1,2,2,LJ,S,S,3/19/2024
8:25 PM,Bengaluru South, Karnataka,30,86,303,Wed 20,35,22,95,7,0.23,6,1015,7,9, Very High,Waxing Gibbous,6:24 AM,6:30 PM,1:53 PM,2:21 AM,31,0,2,0.05,0,Umbrella No need,Outdoors Great,Driving safety Great,Clothing Shorts,Heat stroke Extreme caution,Wind chill Safe,2024-03-19 20:25:59,W3,No need, Great, Great,Shorts,Extreme caution,Safe,1,1,1,S,EC,S,3/19/2024
8:26 PM,Mumbai, Maharashtra,28,82.4,301,Wed 20,32,25,154,12,0.66,4,1010,21,9, Very High,Waxing Gibbous,6:43 AM,6:49 PM,1:59 PM,2:55 AM,31,0,0,0,0,Umbrella No need,Outdoors Great,Driving safety Great,Clothing Shorts,Heat stroke Caution,Wind chill Safe,2024-03-19 20:26:27,W3,No need, Great, Great,Shorts,Caution,Safe,1,1,1,S,C,S,3/19/2024
8:26 PM,Mandya, Karnataka,31,87.8,304,Wed 20,37,24,91,8,0.21,6,1013,6,10, Very High,Waxing Gibbous,6:27 AM,6:33 PM,1:57 PM,2:23 AM,31,0,1,0.03,0,Umbrella No need,Outdoors Great,Driving safety Great,Clothing Shorts,Heat stroke Extreme caution,Wind chill Safe,2024-03-19 20:26:57,W3,No need, Great, Great,Shorts,Extreme caution,Safe,1,1,1,S,EC,S,3/19/2024
8:26 PM,Thane, Maharashtra,28,82.4,301,Wed 20,37,22,131,10,0.59,4,1010,19,9, Very High,Waxing Gibbous,6:42 AM,6:49 PM,1:58 PM,2:55 AM,31,0,0,0,0,Umbrella No need,Outdoors Great,Driving safety Great,Clothing Light jacket,Heat stroke Extreme caution,Wind chill Safe,2024-03-19 20:27:28,W3,No need, Great, Great,Light jacket,Extreme caution,Safe,1,1,1,LJ,EC,S,3/19/2024
8:27 PM,Chennai, Tamil Nadu,28,82.4,301,Wed 20,33,27,126,17,0.81,6,1010,26,9, Very High,Waxing Gibbous,6:13 AM,6:19 PM,1:42 PM,2:10 AM,30,0,4,0.03,0,Umbrella No need,Outdoors Great,Driving safety Great,Clothing Shorts,Heat stroke Extreme caution,Wind chill Safe,2024-03-19 20:27:57,W3,No need, Great, Great,Shorts,Extreme caution,Safe,1,1,1,S,EC,S,3/19/2024
8:27 PM,Delhi, India,23,73.4,296,Wed 20,33,15,292,1,0.38,4,1013,9,6, High,Waxing Gibbous,6:25 AM,6:32 PM,1:17 PM,3:02 AM,29,0,10,0.05,0,Umbrella No need,Outdoors Great,Driving safety Great,Clothing Light jacket,Heat stroke Caution,Wind chill Safe,2024-03-19 20:28:28,W3,No need, Great, Great,Light jacket,Caution,Safe,1,1,1,LJ,C,S,3/19/2024
8:28 PM,Meghalaya Tourism Development Corporation, Shillong,16,60.8,289,Wed 20,13,11,157,2,0.53,2,1017,7,5, Moderate,Waxing Gibbous,5:27 AM,5:33 PM,12:24 PM,1:53 AM,18,11,7,0.25,0.22,Umbrella Need,Outdoors Great,Driving safety Poor,Clothing Light jacket,Heat stroke Safe,Wind chill Safe,2024-03-19 20:29:00,W3,la Need, Great, Poor,Light jacket,Safe,Safe,2,1,1,LJ,S,S,3/19/2024
8:29 PM,Srinagar, Jammu & Kashmir,12,53.6,285,Wed 20,21,9,205,2,0.48,4,1020,1,7, High,Waxing Gibbous,6:35 AM,6:41 PM,1:10 PM,3:29 AM,18,9,44,0.74,0.16,Umbrella No need,Outdoors Good,Driving safety Great,Clothing Light jacket,Heat stroke Safe,Wind chill Safe,2024-03-19 20:29:31,W3,No need, Good, Great,Light jacket,Safe,Safe,1,2,2,LJ,S,S,3/19/2024
9:10 AM,Bengaluru South, Karnataka,25,77,298,Sun 24,34,22,69,4,0.55,4,1017,14,11, Extreme,Waxing Gibbous,6:21 AM,6:30 PM,5:10 PM,5:09 AM,31,0,5,0.04,0,Umbrella No need,Outdoors Great,Driving safety Great,Clothing Shorts,Heat stroke Caution,Wind chill Safe,2024-03-20 9:10:27,W4,No need, Great, Great,Shorts,Caution,Safe,1,1,1,S,C,S,3/20/2024
9:10 AM,Mumbai, Maharashtra,25,77,298,Sun 24,31,24,177,3,0.6,1.4,1011,17,8, Very High,Waxing Gibbous,6:39 AM,6:50 PM,5:26 PM,5:34 AM,31,0,0,0.01,0,Umbrella No need,Outdoors Very poor,Driving safety Good,Clothing Shorts,Heat stroke Extreme caution,Wind chill Safe,2024-03-20 9:11:02,W4,No need, Very poor, Good,Shorts,Extreme caution,Safe,1,3,5,S,EC,S,3/20/2024
9:11 AM,Mandya, Karnataka,26,78.8,299,Sun 24,36,23,70,5,0.5,5,1015,15,11, Extreme,Waxing Gibbous,6:24 AM,6:33 PM,5:13 PM,5:11 AM,31,0,5,0.04,0,Umbrella No need,Outdoors Great,Driving safety Great,Clothing Shorts,Heat stroke Extreme caution,Wind chill Safe,2024-03-20 9:11:34,W4,No need, Great, Great,Shorts,Extreme caution,Safe,1,1,1,S,EC,S,3/20/2024
9:11 AM,Thane, Maharashtra,27,80.6,300,Sun 24,37,22,174,3,0.52,1.4,1011,16,9, Very High,Waxing Gibbous,6:39 AM,6:50 PM,5:25 PM,5:34 AM,31,0,1,0.01,0,Umbrella No need,Outdoors Very poor,Driving safety Fair,Clothing Shorts,Heat stroke Extreme caution,Wind chill Safe,2024-03-20 9:12:05,W4,No need, Very poor, Fair,Shorts,Extreme caution,Safe,1,3,5,S,EC,S,3/20/2024
9:12 AM,Chennai, Tamil Nadu,29,84.2,302,Sun 24,34,26,117,3,0.72,2,1010,21,10, Very High,Waxing Gibbous,6:11 AM,6:20 PM,4:59 PM,4:58 AM,29,1,5,0.03,0,Umbrella No need,Outdoors Good,Driving safety Good,Clothing Shorts,Heat stroke Danger,Wind chill Safe,2024-03-20 9:12:36,W4,No need, Good, Good,Shorts,Danger,Safe,1,2,2,S,D,S,3/20/2024
9:12 AM,Delhi, India,25,77,298,Sun 24,33,19,415,5,0.54,1.5,1010,15,8, Very High,Waxing Gibbous,6:21 AM,6:34 PM,5:00 PM,5:26 AM,29,0,10,0.07,0,Umbrella No need,Outdoors Very poor,Driving safety Very poor,Clothing Shorts,Heat stroke Extreme caution,Wind chill Safe,2024-03-20 9:12:36,W4,No need, Very poor, Very poor,Shorts,Extreme caution,Safe,1,3,5,S,EC,S,3/20/2024
9:13 AM,Meghalaya Tourism Development Corporation, Shillong,15,59,288,Sun 24,20,12,72,2,0.6,2,1013,8,6, High,Waxing Gibbous,5:23 AM,5:35 PM,4:02 PM,4:22 AM,20,9,7,0.25,0.22,Umbrella Need,Outdoors Great,Driving safety Good,Clothing Light jacket,Heat stroke Safe,Wind chill Safe,2024-03-20 9:13:42,W4,la Need, Great, Good,Light jacket,Safe,Safe,2,1,1,LJ,S,S,3/20/2024
9:13 AM,Srinagar, Jammu & Kashmir,9,48.2,282,Sun 24,22,7,156,2,0.71,4,1021,4,8, Very High,Waxing Gibbous,6:29 AM,6:45 PM,5:05 PM,5:42 AM,18,7,42,0.67,0.12,Umbrella No need,Outdoors Very poor,Driving safety Great,Clothing Light jacket,Heat stroke Safe,Wind chill Safe,2024-03-21 9:14:14,W5,No need, Very poor, Great,Light jacket,Safe,Safe,1,3,5,LJ,S,S,3/21/2024
9:14 AM,Bareilly, Uttar Pradesh,23,73.4,296,Sun 24,33,19,167,1,0.63,2,1008,16,7, High,Waxing Gibbous,6:12 AM,6:25 PM,4:51 PM,5:16 AM,29,1,11,0.1,0,Umbrella No need,Outdoors Very poor,Driving safety Very poor,Clothing Shorts,Heat stroke Caution,Wind chill Safe,2024-03-21 9:14:47,W5,No need, Very poor, Very poor,Shorts,Caution,Safe,1,3,5,S,C,S,3/21/2024
9:14 AM,Manali, Himachal Pradesh,7,44.6,280,Sun 24,17,7,67,3,0.34,4,1018,-8,11, Extreme,Waxing Gibbous,6:20 AM,6:35 PM,4:57 PM,5:30 AM,15,1,-20,0.25,0.22,Umbrella Need,Outdoors Good,Driving safety Good,Clothing Light jacket,Heat stroke Safe,Wind chill Safe,2024-03-21 9:15:26,W5,la Need, Good, Good,Light jacket,Safe,Safe,2,2,2,LJ,S,S,3/21/2024
9:19 AM,Bengaluru South, Karnataka,25,77,298,Sun 24,34,22,69,4,0.46,5,1017,12,11, Extreme,Waxing Gibbous,6:21 AM,6:30 PM,5:10 PM,5:09 AM,31,0,5,0.04,0,Umbrella No need,Outdoors Great,Driving safety Great,Clothing Shorts,Heat stroke Caution,Wind chill Safe,2024-03-21 9:19:46,W5,No need, Great, Great,Shorts,Caution,Safe,1,1,1,S,C,S,3/21/2024
9:19 AM,Mumbai, Maharashtra,25,77,298,Sun 24,30,24,177,3,0.6,1.4,1011,17,8, Very High,Waxing Gibbous,6:39 AM,6:50 PM,5:26 PM,5:34 AM,31,0,0,0.01,0,Umbrella No need,Outdoors Very poor,Driving safety Good,Clothing Shorts,Heat stroke Extreme caution,Wind chill Safe,2024-03-21 9:20:23,W5,No need, Very poor, Good,Shorts,Extreme caution,Safe,1,3,5,S,EC,S,3/21/2024
9:20 AM,Mandya, Karnataka,26,78.8,299,Sun 24,36,23,70,5,0.5,5,1015,15,11, Extreme,Waxing Gibbous,6:24 AM,6:33 PM,5:13 PM,5:11 AM,31,0,5,0.04,0,Umbrella No need,Outdoors Great,Driving safety Great,Clothing Shorts,Heat stroke Extreme caution,Wind chill Safe,2024-03-21 9:20:57,W5,No need, Great, Great,Shorts,Extreme caution,Safe,1,1,1,S,EC,S,3/21/2024
9:21 AM,Thane, Maharashtra,27,80.6,300,Sun 24,36,22,174,3,0.5,1.4,1011,15,9, Very High,Waxing Gibbous,6:39 AM,6:50 PM,5:25 PM,5:34 AM,31,0,1,0.01,0,Umbrella No need,Outdoors Very poor,Driving safety Fair,Clothing Shorts,Heat stroke Extreme caution,Wind chill Safe,2024-03-22 9:21:29,W6,No need, Very poor, Fair,Shorts,Extreme caution,Safe,1,3,5,S,EC,S,3/22/2024
9:21 AM,Chennai, Tamil Nadu,29,84.2,302,Sun 24,34,26,117,3,0.72,2,1010,21,10, Very High,Waxing Gibbous,6:11 AM,6:20 PM,4:59 PM,4:58 AM,29,1,5,0.03,0,Umbrella No need,Outdoors Good,Driving safety Good,Clothing Shorts,Heat stroke Danger,Wind chill Safe,2024-03-22 9:22:01,W6,No need, Good, Good,Shorts,Danger,Safe,1,2,2,S,D,S,3/22/2024
9:22 AM,Delhi, India,26,78.8,299,Sun 24,33,19,415,6,0.52,1.5,1010,15,8, Very High,Waxing Gibbous,6:21 AM,6:34 PM,5:00 PM,5:26 AM,29,0,10,0.07,0,Umbrella No need,Outdoors Very poor,Driving safety Very poor,Clothing Shorts,Heat stroke Extreme caution,Wind chill Safe,2024-03-22 9:22:36,W6,No need, Very poor, Very poor,Shorts,Extreme caution,Safe,1,3,5,S,EC,S,3/22/2024
9:22 AM,Meghalaya Tourism Development Corporation, Shillong,15,59,288,Sun 24,20,12,72,2,0.6,2,1013,8,6, High,Waxing Gibbous,5:23 AM,5:35 PM,4:02 PM,4:22 AM,20,9,7,0.25,0.22,Umbrella Need,Outdoors Great,Driving safety Good,Clothing Light jacket,Heat stroke Safe,Wind chill Safe,2024-03-22 9:23:11,W6,la Need, Great, Good,Light jacket,Safe,Safe,2,1,1,LJ,S,S,3/22/2024
9:23 AM,Srinagar, Jammu & Kashmir,9,48.2,282,Sun 24,22,7,156,2,0.71,4,1021,4,8, Very High,Waxing Gibbous,6:29 AM,6:45 PM,5:05 PM,5:42 AM,18,7,42,0.67,0.12,Umbrella No need,Outdoors Very poor,Driving safety Great,Clothing Light jacket,Heat stroke Safe,Wind chill Safe,2024-03-22 9:23:44,W6,No need, Very poor, Great,Light jacket,Safe,Safe,1,3,5,LJ,S,S,3/22/2024
9:23 AM,Bareilly, Uttar Pradesh,23,73.4,296,Sun 24,33,19,167,1,0.63,2,1008,16,7, High,Waxing Gibbous,6:12 AM,6:25 PM,4:51 PM,5:16 AM,29,1,11,0.1,0,Umbrella No need,Outdoors Very poor,Driving safety Very poor,Clothing Shorts,Heat stroke Caution,Wind chill Safe,2024-03-22 9:24:16,W6,No need, Very poor, Very poor,Shorts,Caution,Safe,1,3,5,S,C,S,3/22/2024
9:24 AM,Manali, Himachal Pradesh,7,44.6,280,Sun 24,17,7,67,3,0.34,4,1018,-8,11, Extreme,Waxing Gibbous,6:20 AM,6:35 PM,4:57 PM,5:30 AM,15,1,-20,0.25,0.22,Umbrella Need,Outdoors Good,Driving safety Good,Clothing Light jacket,Heat stroke Safe,Wind chill Safe,2024-03-22 9:24:50,W6,la Need, Good, Good,Light jacket,Safe,Safe,2,2,2,LJ,S,S,3/22/2024
10:00 AM,Bengaluru South, Karnataka,26,78.8,299,Sun 24,34,22,73,5,0.37,6,1017,9,11, Extreme,Waxing Gibbous,6:21 AM,6:30 PM,5:10 PM,5:09 AM,31,33,5,0.04,0,Umbrella No need,Outdoors Great,Driving safety Great,Clothing Shorts,Heat stroke Caution,Wind chill Safe,2024-03-22 10:00:59,W6,No need, Great, Great,Shorts,Caution,Safe,1,1,1,S,C,S,3/22/2024
10:02 AM,Bengaluru South, Karnataka,26,78.8,299,Sun 24,34,22,73,5,0.37,6,1017,9,11, Extreme,Waxing Gibbous,6:21 AM,6:30 PM,5:10 PM,5:09 AM,31,0,5,0.04,0,Umbrella No need,Outdoors Great,Driving safety Great,Clothing Shorts,Heat stroke Caution,Wind chill Safe,2024-03-22 10:03:01,W6,No need, Great, Great,Shorts,Caution,Safe,1,1,1,S,C,S,3/22/2024
10:03 AM,Mumbai, Maharashtra,26,78.8,299,Sun 24,30,24,182,4,0.47,1.4,1011,14,8, Very High,Waxing Gibbous,6:39 AM,6:50 PM,5:26 PM,5:34 AM,31,0,0,0.01,0,Umbrella No need,Outdoors Very poor,Driving safety Very poor,Clothing Shorts,Heat stroke Caution,Wind chill Safe,2024-03-22 10:03:41,W6,No need, Very poor, Very poor,Shorts,Caution,Safe,1,3,5,S,C,S,3/22/2024
10:03 AM,Mandya, Karnataka,28,82.4,301,Sun 24,36,23,75,7,0.39,6,1016,13,11, Extreme,Waxing Gibbous,6:24 AM,6:33 PM,5:13 PM,5:11 AM,31,0,5,0.04,0,Umbrella No need,Outdoors Great,Driving safety Great,Clothing Shorts,Heat stroke Extreme caution,Wind chill Safe,2024-03-22 10:04:34,W6,No need, Great, Great,Shorts,Extreme caution,Safe,1,1,1,S,EC,S,3/22/2024
10:04 AM,Thane, Maharashtra,28,82.4,301,Sun 24,36,22,180,4,0.39,1.4,1011,13,9, Very High,Waxing Gibbous,6:39 AM,6:50 PM,5:25 PM,5:34 AM,31,0,1,0.01,0,Umbrella No need,Outdoors Very poor,Driving safety Very poor,Clothing Shorts,Heat stroke Extreme caution,Wind chill Safe,2024-03-22 10:05:06,W6,No need, Very poor, Very poor,Shorts,Extreme caution,Safe,1,3,5,S,EC,S,3/22/2024
10:05 AM,Chennai, Tamil Nadu,30,86,303,Sun 24,34,26,118,7,0.59,4,1011,21,10, Very High,Waxing Gibbous,6:11 AM,6:20 PM,4:59 PM,4:58 AM,29,1,5,0.03,0,Umbrella No need,Outdoors Good,Driving safety Very poor,Clothing Shorts,Heat stroke Danger,Wind chill Safe,2024-03-22 10:05:36,W6,No need, Good, Very poor,Shorts,Danger,Safe,1,2,2,S,D,S,3/22/2024
10:05 AM,Delhi, India,28,82.4,301,Sun 24,33,19,408,7,0.44,1.8,1011,14,8, Very High,Waxing Gibbous,6:21 AM,6:34 PM,5:00 PM,5:26 AM,29,0,10,0.07,0,Umbrella No need,Outdoors Very poor,Driving safety Very poor,Clothing Shorts,Heat stroke Extreme caution,Wind chill Safe,2024-03-23 10:06:07,W7,No need, Very poor, Very poor,Shorts,Extreme caution,Safe,1,3,5,S,EC,S,3/23/2024
10:06 AM,Meghalaya Tourism Development Corporation, Shillong,16,60.8,289,Sun 24,20,12,73,2,0.57,4,1013,8,6, High,Waxing Gibbous,5:23 AM,5:35 PM,4:02 PM,4:22 AM,20,9,7,0.25,0.22,Umbrella Need,Outdoors Great,Driving safety Very poor,Clothing Light jacket,Heat stroke Safe,Wind chill Safe,2024-03-23 10:06:42,W7,la Need, Great, Very poor,Light jacket,Safe,Safe,2,1,1,LJ,S,S,3/23/2024
10:06 AM,Srinagar, Jammu & Kashmir,9,48.2,282,Sun 24,22,7,170,2,0.66,4,1020,3,8, Very High,Waxing Gibbous,6:29 AM,6:45 PM,5:05 PM,5:42 AM,18,8,42,0.67,0.12,Umbrella No need,Outdoors Very poor,Driving safety Great,Clothing Light jacket,Heat stroke Safe,Wind chill Safe,2024-03-23 10:07:15,W7,No need, Very poor, Great,Light jacket,Safe,Safe,1,3,5,LJ,S,S,3/23/2024
10:07 AM,Bareilly, Uttar Pradesh,24,75.2,297,Sun 24,33,19,168,1,0.54,2,1008,15,7, High,Waxing Gibbous,6:12 AM,6:25 PM,4:51 PM,5:16 AM,29,1,11,0.1,0,Umbrella No need,Outdoors Very poor,Driving safety Very poor,Clothing Shorts,Heat stroke Caution,Wind chill Safe,2024-03-23 10:07:47,W7,No need, Very poor, Very poor,Shorts,Caution,Safe,1,3,5,S,C,S,3/23/2024
10:07 AM,Manali, Himachal Pradesh,8,46.4,281,Sun 24,17,7,68,3,0.32,4,1018,-7,11, Extreme,Waxing Gibbous,6:20 AM,6:35 PM,4:57 PM,5:30 AM,15,1,3,0.02,0.83,Umbrella No need,Outdoors Great,Driving safety Great,Clothing Light jacket,Heat stroke Safe,Wind chill Safe,2024-03-23 10:08:21,W7,No need, Great, Great,Light jacket,Safe,Safe,1,1,1,LJ,S,S,3/23/2024
10:37 AM,Bengaluru South, Karnataka,28,82.4,301,Sun 24,34,22,73,5,0.37,6,1017,9,11, Extreme,Waxing Gibbous,6:21 AM,6:30 PM,5:10 PM,5:09 AM,31,0,5,0.04,0,Umbrella No need,Outdoors Great,Driving safety Great,Clothing Shorts,Heat stroke Caution,Wind chill Safe,2024-03-23 10:38:29,W7,No need, Great, Great,Shorts,Caution,Safe,1,1,1,S,C,S,3/23/2024
10:38 AM,Mumbai, Maharashtra,26,78.8,299,Sun 24,31,24,182,6,0.4,1.8,1011,12,8, Very High,Waxing Gibbous,6:39 AM,6:50 PM,5:26 PM,5:34 AM,31,0,0,0.01,0,Umbrella No need,Outdoors Very poor,Driving safety Very poor,Clothing Shorts,Heat stroke Caution,Wind chill Safe,2024-03-23 10:39:08,W7,No need, Very poor, Very poor,Shorts,Caution,Safe,1,3,5,S,C,S,3/23/2024
10:39 AM,Mandya, Karnataka,29,84.2,302,Sun 24,36,23,75,8,0.33,6,1016,11,11, Extreme,Waxing Gibbous,6:24 AM,6:33 PM,5:13 PM,5:11 AM,31,0,5,0.04,0,Umbrella No need,Outdoors Great,Driving safety Great,Clothing Shorts,Heat stroke Extreme caution,Wind chill Safe,2024-03-23 10:39:42,W7,No need, Great, Great,Shorts,Extreme caution,Safe,1,1,1,S,EC,S,3/23/2024
10:39 AM,Thane, Maharashtra,30,86,303,Sun 24,37,22,180,4,0.31,1.5,1011,11,9, Very High,Waxing Gibbous,6:39 AM,6:50 PM,5:25 PM,5:34 AM,31,0,1,0.01,0,Umbrella No need,Outdoors Very poor,Driving safety Very poor,Clothing Shorts,Heat stroke Extreme caution,Wind chill Safe,2024-03-23 10:40:13,W7,No need, Very poor, Very poor,Shorts,Extreme caution,Safe,1,3,5,S,EC,S,3/23/2024
10:40 AM,Chennai, Tamil Nadu,31,87.8,304,Sun 24,34,26,118,7,0.59,4,1011,21,10, Very High,Waxing Gibbous,6:11 AM,6:20 PM,4:59 PM,4:58 AM,29,1,5,0.03,0,Umbrella No need,Outdoors Good,Driving safety Very poor,Clothing Shorts,Heat stroke Danger,Wind chill Safe,2024-03-23 10:40:43,W7,No need, Good, Very poor,Shorts,Danger,Safe,1,2,2,S,D,S,3/23/2024
10:40 AM,Delhi, India,28,82.4,301,Sun 24,33,19,408,9,0.36,2,1011,12,8, Very High,Waxing Gibbous,6:21 AM,6:34 PM,5:00 PM,5:26 AM,29,0,10,0.07,0,Umbrella No need,Outdoors Very poor,Driving safety Very poor,Clothing Shorts,Heat stroke Extreme caution,Wind chill Safe,2024-03-23 10:41:14,W7,No need, Very poor, Very poor,Shorts,Extreme caution,Safe,1,3,5,S,EC,S,3/23/2024
10:41 AM,Meghalaya Tourism Development Corporation, Shillong,16,60.8,289,Sun 24,20,12,73,2,0.57,4,1013,8,6, High,Waxing Gibbous,5:23 AM,5:35 PM,4:02 PM,4:22 AM,20,9,7,0.25,0.22,Umbrella Need,Outdoors Great,Driving safety Very poor,Clothing Light jacket,Heat stroke Safe,Wind chill Safe,2024-03-23 10:41:47,W7,la Need, Great, Very poor,Light jacket,Safe,Safe,2,1,1,LJ,S,S,3/23/2024
10:41 AM,Srinagar, Jammu & Kashmir,12,53.6,285,Sun 24,22,7,176,2,0.64,4,1020,5,8, Very High,Waxing Gibbous,6:29 AM,6:45 PM,5:05 PM,5:42 AM,18,8,42,0.67,0.12,Umbrella No need,Outdoors Very poor,Driving safety Great,Clothing Light jacket,Heat stroke Safe,Wind chill Safe,2024-03-23 10:42:21,W7,No need, Very poor, Great,Light jacket,Safe,Safe,1,3,5,LJ,S,S,3/23/2024
10:42 AM,Bareilly, Uttar Pradesh,25,77,298,Sun 24,33,19,168,1,0.48,2,1008,14,7, High,Waxing Gibbous,6:12 AM,6:25 PM,4:51 PM,5:16 AM,29,1,11,0.1,0,Umbrella No need,Outdoors Very poor,Driving safety Very poor,Clothing Shorts,Heat stroke Caution,Wind chill Safe,2024-03-23 10:42:54,W7,No need, Very poor, Very poor,Shorts,Caution,Safe,1,3,5,S,C,S,3/23/2024
10:42 AM,Manali, Himachal Pradesh,9,48.2,282,Sun 24,17,7,68,3,0.32,4,1018,-7,11, Extreme,Waxing Gibbous,6:20 AM,6:35 PM,4:57 PM,5:30 AM,15,1,3,0.02,0.83,Umbrella No need,Outdoors Great,Driving safety Great,Clothing Light jacket,Heat stroke Safe,Wind chill Safe,2024-03-23 10:43:27,W7,No need, Great, Great,Light jacket,Safe,Safe,1,1,1,LJ,S,S,3/23/2024
9:43 AM,Bengaluru South, Karnataka,26,78.8,299,Mon 25,35,22,75,3,0.44,6,1018,10,11, Extreme,Waxing Gibbous,6:21 AM,6:30 PM,5:55 PM,5:43 AM,31,33,7,0.04,0,Umbrella No need,Outdoors Great,Driving safety Great,Clothing Shorts,Heat stroke Caution,Wind chill Safe,2024-03-24 9:43:42,W1,No need, Great, Great,Shorts,Caution,Safe,1,1,1,S,C,S,3/24/2024
9:43 AM,Mumbai, Maharashtra,26,78.8,299,Mon 25,31,25,102,3,0.57,1.9,1011,16,9, Very High,Waxing Gibbous,6:38 AM,6:50 PM,6:13 PM,6:05 AM,31,30,1,0.01,0,Umbrella No need,Outdoors Great,Driving safety Good,Clothing Shorts,Heat stroke Extreme caution,Wind chill Safe,2024-03-24 9:44:28,W1,No need, Great, Good,Shorts,Extreme caution,Safe,1,1,1,S,EC,S,3/24/2024
9:44 AM,Mandya, Karnataka,28,82.4,301,Mon 25,37,23,81,6,0.42,6,1017,14,11, Extreme,Waxing Gibbous,6:23 AM,6:33 PM,5:58 PM,5:46 AM,31,34,6,0.04,0,Umbrella No need,Outdoors Great,Driving safety Great,Clothing Shorts,Heat stroke Extreme caution,Wind chill Safe,2024-03-24 9:45:06,W1,No need, Great, Great,Shorts,Extreme caution,Safe,1,1,1,S,EC,S,3/24/2024
9:45 AM,Thane, Maharashtra,28,82.4,301,Mon 25,37,23,104,3,0.42,2.5,1012,13,9, Very High,Waxing Gibbous,6:38 AM,6:50 PM,6:12 PM,6:05 AM,31,34,1,0.01,0,Umbrella No need,Outdoors Good,Driving safety Great,Clothing Shorts,Heat stroke Danger,Wind chill Safe,2024-03-24 9:45:44,W1,No need, Good, Great,Shorts,Danger,Safe,1,2,2,S,D,S,3/24/2024
9:45 AM,Chennai, Tamil Nadu,29,84.2,302,Mon 25,34,26,108,7,0.65,4,1013,21,10, Very High,Waxing Gibbous,6:10 AM,6:20 PM,5:44 PM,5:33 AM,31,33,6,0.04,0,Umbrella No need,Outdoors Good,Driving safety Great,Clothing Shorts,Heat stroke Extreme caution,Wind chill Safe,2024-03-24 9:46:21,W1,No need, Good, Great,Shorts,Extreme caution,Safe,1,2,2,S,EC,S,3/24/2024
9:46 AM,Delhi, India,26,78.8,299,Mon 25,34,20,294,4,0.35,2.5,1013,9,6, High,Waxing Gibbous,6:19 AM,6:34 PM,5:52 PM,5:52 AM,31,30,8,0.06,0,Umbrella No need,Outdoors Very poor,Driving safety Very poor,Clothing Shorts,Heat stroke Caution,Wind chill Safe,2024-03-24 9:46:58,W1,No need, Very poor, Very poor,Shorts,Caution,Safe,1,3,5,S,C,S,3/24/2024
9:47 AM,Meghalaya Tourism Development Corporation, Shillong,17,62.6,290,Mon 25,19,13,74,3,0.71,2,1016,12,5, Moderate,Waxing Gibbous,5:21 AM,5:35 PM,4:52 PM,4:51 AM,25,21,45,0.51,0,Umbrella No need,Outdoors Great,Driving safety Good,Clothing Light jacket,Heat stroke Safe,Wind chill Safe,2024-03-24 9:47:33,W1,No need, Great, Good,Light jacket,Safe,Safe,1,1,1,LJ,S,S,3/24/2024
9:47 AM,Srinagar, Jammu & Kashmir,12,53.6,285,Mon 25,23,8,170,6,0.51,4,1017,2,8, Very High,Waxing Gibbous,6:28 AM,6:45 PM,6:00 PM,6:05 AM,5,13,42,0.66,0.1,Umbrella No need,Outdoors Very poor,Driving safety Great,Clothing Light jacket,Heat stroke Safe,Wind chill Safe,2024-03-24 9:48:09,W1,No need, Very poor, Great,Light jacket,Safe,Safe,1,3,5,LJ,S,S,3/24/2024
9:48 AM,Bareilly, Uttar Pradesh,24,75.2,297,Mon 25,34,20,91,1,0.38,2,1010,9,7, High,Waxing Gibbous,6:11 AM,6:26 PM,5:43 PM,5:43 AM,31,30,9,0.09,0,Umbrella No need,Outdoors Great,Driving safety Very poor,Clothing Shorts,Heat stroke Caution,Wind chill Safe,2024-03-24 9:48:45,W1,No need, Great, Very poor,Shorts,Caution,Safe,1,1,1,S,C,S,3/24/2024
9:48 AM,Manali, Himachal Pradesh,8,46.4,281,Mon 25,20,7,60,4,0.53,4,1022,-1,9, Very High,Waxing Gibbous,6:19 AM,6:35 PM,5:51 PM,5:55 AM,17,3,1,0.02,0.82,Umbrella No need,Outdoors Great,Driving safety Great,Clothing Light jacket,Heat stroke Safe,Wind chill Safe,2024-03-24 9:49:21,W1,No need, Great, Great,Light jacket,Safe,Safe,1,1,1,LJ,S,S,3/24/2024
9:19 AM,Bengaluru South, Karnataka,24,75.2,297,Wed 27,35,22,64,2,0.38,6,1019,10,11, Extreme,Waning Gibbous,6:19 AM,6:30 PM,7:25 PM,6:50 AM,31,32,9,0.04,0,Umbrella No need,Outdoors Great,Driving safety Great,Clothing Shorts,Heat stroke Extreme caution,Wind chill Safe,2024-03-26 9:20:05,W3,No need, Great, Great,Shorts,Extreme caution,Safe,1,1,1,S,EC,S,3/26/2024
9:20 AM,Mumbai, Maharashtra,26,78.8,299,Wed 27,31,26,90,3,0.6,3,1012,18,9, Very High,Waning Gibbous,6:37 AM,6:51 PM,7:48 PM,7:07 AM,31,30,2,0.01,0,Umbrella No need,Outdoors Great,Driving safety Very poor,Clothing Shorts,Heat stroke Extreme caution,Wind chill Safe,2024-03-26 9:20:35,W3,No need, Great, Very poor,Shorts,Extreme caution,Safe,1,1,1,S,EC,S,3/26/2024
9:20 AM,Mandya, Karnataka,26,78.8,299,Wed 27,37,23,68,4,0.46,4,1015,14,10, Very High,Waning Gibbous,6:22 AM,6:33 PM,7:27 PM,6:53 AM,31,34,5,0.04,0,Umbrella No need,Outdoors Great,Driving safety Great,Clothing Shorts,Heat stroke Extreme caution,Wind chill Safe,2024-03-26 9:21:13,W3,No need, Great, Great,Shorts,Extreme caution,Safe,1,1,1,S,EC,S,3/26/2024
9:21 AM,Thane, Maharashtra,27,80.6,300,Wed 27,36,24,95,2,0.59,3,1012,19,9, Very High,Waning Gibbous,6:36 AM,6:50 PM,7:48 PM,7:06 AM,31,34,3,0.01,0,Umbrella No need,Outdoors Good,Driving safety Very poor,Clothing Shorts,Heat stroke Danger,Wind chill Safe,2024-03-26 9:21:45,W3,No need, Good, Very poor,Shorts,Danger,Safe,1,2,2,S,D,S,3/26/2024
9:21 AM,Chennai, Tamil Nadu,29,84.2,302,Wed 27,34,26,102,6,0.64,3,1013,20,10, Very High,Waning Gibbous,6:09 AM,6:20 PM,7:14 PM,6:39 AM,31,33,5,0.03,0,Umbrella No need,Outdoors Good,Driving safety Great,Clothing Shorts,Heat stroke Extreme caution,Wind chill Safe,2024-03-26 9:22:17,W3,No need, Good, Great,Shorts,Extreme caution,Safe,1,2,2,S,EC,S,3/26/2024
9:22 AM,Delhi, India,25,77,298,Wed 27,36,22,271,6,0.47,2.2,1013,12,7, High,Waning Gibbous,6:17 AM,6:36 PM,7:37 PM,6:44 AM,31,30,6,0.06,0,Umbrella No need,Outdoors Very poor,Driving safety Very poor,Clothing Shorts,Heat stroke Caution,Wind chill Safe,2024-03-26 9:22:51,W3,No need, Very poor, Very poor,Shorts,Caution,Safe,1,3,5,S,C,S,3/26/2024
9:22 AM,Meghalaya Tourism Development Corporation, Shillong,18,64.4,291,Wed 27,21,13,86,3,0.67,2,1017,12,5, Moderate,Waning Gibbous,5:19 AM,5:36 PM,6:34 PM,5:46 AM,25,21,8,0.25,0.22,Umbrella Need,Outdoors Great,Driving safety Good,Clothing Light jacket,Heat stroke Safe,Wind chill Safe,2024-03-26 9:23:28,W3,la Need, Great, Good,Light jacket,Safe,Safe,2,1,1,LJ,S,S,3/26/2024
9:23 AM,Srinagar, Jammu & Kashmir,12,53.6,285,Wed 27,19,10,233,2,0.52,6,1022,2,6, High,Waning Gibbous,6:25 AM,6:47 PM,7:52 PM,6:51 AM,3,12,37,0.69,0.07,Umbrella No need,Outdoors Very poor,Driving safety Great,Clothing Light jacket,Heat stroke Safe,Wind chill Safe,2024-03-26 9:24:03,W3,No need, Very poor, Great,Light jacket,Safe,Safe,1,3,5,LJ,S,S,3/26/2024
9:24 AM,Bareilly, Uttar Pradesh,23,73.4,296,Wed 27,34,20,90,1,0.44,4.5,1011,10,7, High,Waning Gibbous,6:09 AM,6:27 PM,7:28 PM,6:35 AM,31,30,10,0.08,0,Umbrella No need,Outdoors Great,Driving safety Great,Clothing Shorts,Heat stroke Caution,Wind chill Safe,2024-03-26 9:24:40,W3,No need, Great, Great,Shorts,Caution,Safe,1,1,1,S,C,S,3/26/2024
9:24 AM,Manali, Himachal Pradesh,3,37.4,276,Wed 27,4,-1,80,3,0.2,6,1031,-12,9, Very High,Waning Gibbous,6:16 AM,6:37 PM,7:40 PM,6:42 AM,14,0,4,0.03,0.8,Umbrella No need,Outdoors Good,Driving safety Great,Clothing Heavy coat,Heat stroke Safe,Wind chill Caution,2024-03-26 9:25:12,W3,No need, Good, Great,Heavy coat,Safe,Caution,1,2,2,HC,S,C,3/26/2024
5:30 PM,Bengaluru South, Karnataka,34,93.2,307,Fri 29,35,23,81,7,0.19,8,1015,7,11, Extreme,Waning Gibbous,6:18 AM,6:31 PM,9:00 PM,8:02 AM,42,33,6,0.05,0,Umbrella No need,Outdoors Great,Driving safety Great,Clothing Shorts,Heat stroke Extreme caution,Wind chill Safe,2024-03-28 17:31:27,W5,No need, Great, Great,Shorts,Extreme caution,Safe,1,1,1,S,EC,S,3/28/2024
5:31 PM,Mumbai, Maharashtra,29,84.2,302,Fri 29,32,26,123,13,0.56,2.5,1009,20,7, High,Waning Gibbous,6:35 AM,6:51 PM,9:29 PM,8:13 AM,42,30,1,0.01,0,Umbrella No need,Outdoors Great,Driving safety Great,Clothing Shorts,Heat stroke Extreme caution,Wind chill Safe,2024-03-28 17:32:01,W5,No need, Great, Great,Shorts,Extreme caution,Safe,1,1,1,S,EC,S,3/28/2024
5:32 PM,Mandya, Karnataka,37,98.6,310,Fri 29,37,22,80,10,0.19,10,1013,10,11, Extreme,Waning Gibbous,6:21 AM,6:33 PM,9:02 PM,8:05 AM,42,34,7,0.05,0,Umbrella No need,Outdoors Great,Driving safety Great,Clothing Shorts,Heat stroke Extreme caution,Wind chill Safe,2024-03-28 17:32:31,W5,No need, Great, Great,Shorts,Extreme caution,Safe,1,1,1,S,EC,S,3/28/2024
5:32 PM,Thane, Maharashtra,34,93.2,307,Fri 29,36,24,113,13,0.42,2.5,1009,20,6, High,Waning Gibbous,6:35 AM,6:51 PM,9:29 PM,8:12 AM,42,34,1,0.01,0,Umbrella No need,Outdoors Great,Driving safety Great,Clothing Shorts,Heat stroke Extreme caution,Wind chill Safe,2024-03-28 17:33:06,W5,No need, Great, Great,Shorts,Extreme caution,Safe,1,1,1,S,EC,S,3/28/2024
5:33 PM,Chennai, Tamil Nadu,31,87.8,304,Fri 29,36,25,69,14,0.68,6,1009,25,10, Very High,Waning Gibbous,6:07 AM,6:20 PM,8:49 PM,7:51 AM,42,33,3,0.04,0,Umbrella No need,Outdoors Great,Driving safety Great,Clothing Shorts,Heat stroke Danger,Wind chill Safe,2024-03-28 17:33:39,W5,No need, Great, Great,Shorts,Danger,Safe,1,1,1,S,D,S,3/28/2024
5:33 PM,Delhi, India,35,95,308,Fri 29,36,23,314,8,0.27,5,1009,13,7, High,Waning Gibbous,6:15 AM,6:37 PM,9:28 PM,7:41 AM,42,30,5,0.06,0,Umbrella No need,Outdoors Great,Driving safety Great,Clothing Shorts,Heat stroke Extreme caution,Wind chill Safe,2024-03-28 17:34:15,W5,No need, Great, Great,Shorts,Extreme caution,Safe,1,1,1,S,EC,S,3/28/2024
5:34 PM,Meghalaya Tourism Development Corporation, Shillong,17,62.6,290,Fri 29,21,14,93,3,0.71,2,1013,12,5, Moderate,Waning Gibbous,5:17 AM,5:37 PM,8:21 PM,6:46 AM,36,21,50,0.62,0,Umbrella No need,Outdoors Great,Driving safety Great,Clothing Light jacket,Heat stroke Safe,Wind chill Safe,2024-03-28 17:34:47,W5,No need, Great, Great,Light jacket,Safe,Safe,1,1,1,LJ,S,S,3/28/2024
5:34 PM,Srinagar, Jammu & Kashmir,17,62.6,290,Fri 29,17,10,220,4,0.8,4,1019,14,6, High,Waning Gibbous,6:23 AM,6:48 PM,9:49 PM,7:42 AM,6,12,-3,0.25,0.22,Umbrella Must,Outdoors Good,Driving safety Very poor,Clothing Light jacket,Heat stroke Safe,Wind chill Safe,2024-03-28 17:35:24,W5,la Must, Good, Very poor,Light jacket,Safe,Safe,2,2,2,LJ,S,S,3/28/2024
5:35 PM,Bareilly, Uttar Pradesh,34,93.2,307,Fri 29,35,23,215,1,0.32,6,1007,15,7, High,Waning Gibbous,6:06 AM,6:28 PM,9:18 PM,7:33 AM,42,30,4,0.08,0,Umbrella No need,Outdoors Great,Driving safety Great,Clothing Shorts,Heat stroke Extreme caution,Wind chill Safe,2024-03-28 17:35:58,W5,No need, Great, Great,Shorts,Extreme caution,Safe,1,1,1,S,EC,S,3/28/2024
5:36 PM,Manali, Himachal Pradesh,15,59,288,Fri 29,16,8,133,3,0.78,4,1023,12,4, Moderate,Waning Gibbous,6:14 AM,6:38 PM,9:36 PM,7:36 AM,20,3,6,0.03,0.73,Umbrella No need,Outdoors Great,Driving safety Great,Clothing Light jacket,Heat stroke Safe,Wind chill Safe,2024-03-28 17:36:28,W5,No need, Great, Great,Light jacket,Safe,Safe,1,1,1,LJ,S,S,3/28/2024
3:31 PM,Bengaluru South, Karnataka,35,95,308,Sun 31,36,22,73,9,0.15,6,1016,4,11, Extreme,Waning Gibbous,6:17 AM,6:31 PM,10:48 PM,9:28 AM,42,33,11,0.07,0,Umbrella No need,Outdoors Good,Driving safety Great,Clothing Shorts,Heat stroke Extreme caution,Wind chill Safe,2024-03-30 15:31:54,W7,No need, Good, Great,Shorts,Extreme caution,Safe,1,2,2,S,EC,S,3/30/2024
3:31 PM,Mumbai, Maharashtra,31,87.8,304,Sun 31,32,25,112,21,0.35,4,1011,14,8, Very High,Waning Gibbous,6:33 AM,6:52 PM,11:21 PM,9:34 AM,42,30,0,0.01,0,Umbrella No need,Outdoors Good,Driving safety Very poor,Clothing Shorts,Heat stroke Caution,Wind chill Safe,2024-03-30 15:32:25,W7,No need, Good, Very poor,Shorts,Caution,Safe,1,2,2,S,C,S,3/30/2024
3:32 PM,Mandya, Karnataka,37,98.6,310,Sun 31,37,23,70,11,0.18,10,1015,9,11, Extreme,Waning Gibbous,6:19 AM,6:33 PM,10:49 PM,9:31 AM,42,34,12,0.06,0,Umbrella No need,Outdoors Good,Driving safety Fair,Clothing Shorts,Heat stroke Extreme caution,Wind chill Safe,2024-03-30 15:32:58,W7,No need, Good, Fair,Shorts,Extreme caution,Safe,1,2,2,S,EC,S,3/30/2024
3:32 PM,Thane, Maharashtra,35,95,308,Sun 31,38,24,102,14,0.25,4,1012,13,8, Very High,Waning Gibbous,6:33 AM,6:51 PM,11:21 PM,9:34 AM,42,34,0,0.01,0,Umbrella No need,Outdoors Good,Driving safety Very poor,Clothing Shorts,Heat stroke Extreme caution,Wind chill Safe,2024-03-30 15:33:30,W7,No need, Good, Very poor,Shorts,Extreme caution,Safe,1,2,2,S,EC,S,3/30/2024
3:33 PM,Chennai, Tamil Nadu,35,95,308,Sun 31,35,27,85,15,0.47,6,1011,22,10, Very High,Waning Gibbous,6:06 AM,6:20 PM,10:37 PM,9:16 AM,42,33,6,0.03,0,Umbrella No need,Outdoors Good,Driving safety Great,Clothing Shorts,Heat stroke Danger,Wind chill Safe,2024-03-30 15:34:03,W7,No need, Good, Great,Shorts,Danger,Safe,1,2,2,S,D,S,3/30/2024
3:34 PM,Delhi, India,34,93.2,307,Sun 31,36,21,331,9,0.21,3,1010,9,7, High,Waning Gibbous,6:13 AM,6:38 PM,11:28 PM,8:54 AM,42,30,8,0.05,0,Umbrella No need,Outdoors Great,Driving safety Great,Clothing Shorts,Heat stroke Extreme caution,Wind chill Safe,2024-03-30 15:34:36,W7,No need, Great, Great,Shorts,Extreme caution,Safe,1,1,1,S,EC,S,3/30/2024
3:34 PM,Meghalaya Tourism Development Corporation, Shillong,20,68,293,Sun 31,23,17,125,3,0.74,2,1011,15,5, Moderate,Waning Gibbous,5:15 AM,5:38 PM,10:18 PM,8:01 AM,34,21,55,0.63,0,Umbrella No need,Outdoors Great,Driving safety Great,Clothing Light jacket,Heat stroke Safe,Wind chill Safe,2024-03-30 15:35:09,W7,No need, Great, Great,Light jacket,Safe,Safe,1,1,1,LJ,S,S,3/30/2024
3:35 PM,Srinagar, Jammu & Kashmir,13,55.4,286,Sun 31,18,5,92,4,0.71,4,1017,8,6, High,Waning Gibbous,6:20 AM,6:50 PM,11:54 PM,8:49 AM,6,12,-3,0.25,0.22,Umbrella Must,Outdoors Great,Driving safety Very poor,Clothing Light jacket,Heat stroke Safe,Wind chill Safe,2024-03-30 15:35:42,W7,la Must, Great, Very poor,Light jacket,Safe,Safe,2,1,1,LJ,S,S,3/30/2024
3:35 PM,Bareilly, Uttar Pradesh,35,95,308,Sun 31,35,21,160,2,0.28,2,1008,14,6, High,Waning Gibbous,6:04 AM,6:29 PM,11:18 PM,8:45 AM,42,30,8,0.06,0,Umbrella No need,Outdoors Very poor,Driving safety Very poor,Clothing Shorts,Heat stroke Extreme caution,Wind chill Safe,2024-03-30 15:36:15,W7,No need, Very poor, Very poor,Shorts,Extreme caution,Safe,1,3,5,S,EC,S,3/30/2024
3:36 PM,Manali, Himachal Pradesh,12,53.6,285,Sun 31,14,6,106,3,0.76,2,1024,8,4, Moderate,Waning Gibbous,6:11 AM,6:40 PM,11:39 PM,8:44 AM,21,2,-19,0.25,0.22,Umbrella No need,Outdoors Very poor,Driving safety Very poor,Clothing Light jacket,Heat stroke Safe,Wind chill Safe,2024-03-30 15:36:49,W7,No need, Very poor, Very poor,Light jacket,Safe,Safe,1,3,5,LJ,S,S,3/30/2024
7:23 PM,Bengaluru South, Karnataka,34,93.2,307,Wed 3,37,24,101,4,0.2,8,1012,8,11, Extreme,Third Quarter,6:15 AM,6:31 PM,12:13 PM,12:44 AM,35,34,10,0.08,0,Umbrella No need,Outdoors Great,Driving safety Great,Clothing Shorts,Heat stroke Extreme caution,Wind chill Safe,2024-04-02 19:24:11,W3,No need, Great, Great,Shorts,Extreme caution,Safe,1,1,1,S,EC,S,4/2/2024
7:24 PM,Mumbai, Maharashtra,28,82.4,301,Wed 3,31,25,151,15,0.68,3,1007,22,9, Very High,Third Quarter,6:31 AM,6:52 PM,12:18 PM,1:18 AM,35,31,1,0.01,0,Umbrella No need,Outdoors Great,Driving safety Great,Clothing Shorts,Heat stroke Caution,Wind chill Safe,2024-04-02 19:24:43,W3,No need, Great, Great,Shorts,Caution,Safe,1,1,1,S,C,S,4/2/2024
7:24 PM,Mandya, Karnataka,34,93.2,307,Wed 3,37,24,99,8,0.22,8,1010,10,11, Extreme,Third Quarter,6:17 AM,6:33 PM,12:17 PM,12:45 AM,35,35,7,0.07,0,Umbrella No need,Outdoors Great,Driving safety Great,Clothing Shorts,Heat stroke Extreme caution,Wind chill Safe,2024-04-02 19:25:14,W3,No need, Great, Great,Shorts,Extreme caution,Safe,1,1,1,S,EC,S,4/2/2024
7:25 PM,Thane, Maharashtra,30,86,303,Wed 3,35,23,131,12,0.62,3,1007,22,9, Very High,Third Quarter,6:30 AM,6:52 PM,12:17 PM,1:18 AM,35,34,1,0.01,0,Umbrella No need,Outdoors Great,Driving safety Great,Clothing Shorts,Heat stroke Extreme caution,Wind chill Safe,2024-04-02 19:25:46,W3,No need, Great, Great,Shorts,Extreme caution,Safe,1,1,1,S,EC,S,4/2/2024
7:25 PM,Chennai, Tamil Nadu,31,87.8,304,Wed 3,36,28,66,15,0.81,6,1006,27,10, Very High,Third Quarter,6:04 AM,6:20 PM,12:02 PM,12:33 AM,35,35,4,0.06,0,Umbrella No need,Outdoors Great,Driving safety Great,Clothing Shorts,Heat stroke Danger,Wind chill Safe,2024-04-02 19:26:19,W3,No need, Great, Great,Shorts,Danger,Safe,1,1,1,S,D,S,4/2/2024
7:26 PM,Delhi, India,30,86,303,Wed 3,36,21,293,6,0.23,5,1007,7,8, Very High,Third Quarter,6:09 AM,6:39 PM,11:34 AM,1:27 AM,35,36,10,0.05,0,Umbrella No need,Outdoors Great,Driving safety Great,Clothing Shorts,Heat stroke Extreme caution,Wind chill Safe,2024-04-02 19:26:53,W3,No need, Great, Great,Shorts,Extreme caution,Safe,1,1,1,S,EC,S,4/2/2024
7:26 PM,Meghalaya Tourism Development Corporation, Shillong,20,68,293,Wed 3,24,16,104,6,0.54,4,1008,10,9, Very High,Third Quarter,5:12 AM,5:39 PM,10:41 AM,12:17 AM,10,23,54,0.66,0,Umbrella No need,Outdoors Great,Driving safety Great,Clothing Light jacket,Heat stroke Safe,Wind chill Safe,2024-04-02 19:27:28,W3,No need, Great, Great,Light jacket,Safe,Safe,1,1,1,LJ,S,S,4/2/2024
7:27 PM,Srinagar, Jammu & Kashmir,18,64.4,291,Wed 3,16,8,142,3,0.61,4,1012,10,9, Very High,Third Quarter,6:16 AM,6:52 PM,11:26 AM,1:55 AM,28,16,46,0.72,0.03,Umbrella Must,Outdoors Great,Driving safety Very poor,Clothing Light jacket,Heat stroke Safe,Wind chill Safe,2024-04-02 19:28:02,W3,la Must, Great, Very poor,Light jacket,Safe,Safe,2,1,1,LJ,S,S,4/2/2024
7:28 PM,Bareilly, Uttar Pradesh,28,82.4,301,Wed 3,35,21,221,1,0.23,2,1004,5,8, Very High,Third Quarter,6:00 AM,6:31 PM,11:25 AM,1:17 AM,35,36,5,0.06,0,Umbrella No need,Outdoors Great,Driving safety Great,Clothing Shorts,Heat stroke Extreme caution,Wind chill Safe,2024-04-02 19:28:35,W3,No need, Great, Great,Shorts,Extreme caution,Safe,1,1,1,S,EC,S,4/2/2024
7:28 PM,Manali, Himachal Pradesh,13,55.4,286,Wed 3,17,5,165,5,0.55,4,1017,4,10, Very High,Third Quarter,6:07 AM,6:42 PM,11:22 AM,1:39 AM,22,1,6,0.03,0.59,Umbrella No need,Outdoors Good,Driving safety Great,Clothing Light jacket,Heat stroke Safe,Wind chill Safe,2024-04-02 19:29:10,W3,No need, Good, Great,Light jacket,Safe,Safe,1,2,2,LJ,S,S,4/2/2024
2:50 PM,Bengaluru South, Karnataka,36,96.8,309,Fri 5,37,23,77,7,0.12,10,1015,2,11, Extreme,Waning Crescent,6:13 AM,6:31 PM,2:17 PM,2:35 AM,35,33,7,0.08,0,Umbrella No need,Outdoors Good,Driving safety Great,Clothing Shorts,Heat stroke Extreme caution,Wind chill Safe,2024-04-04 14:50:55,W5,No need, Good, Great,Shorts,Extreme caution,Safe,1,2,2,S,EC,S,4/4/2024
2:50 PM,Mumbai, Maharashtra,31,87.8,304,Fri 5,32,27,115,17,0.48,4,1011,19,9, Very High,Waning Crescent,6:29 AM,6:53 PM,2:26 PM,3:06 AM,35,31,0,0.01,0,Umbrella No need,Outdoors Good,Driving safety Very poor,Clothing Shorts,Heat stroke Extreme caution,Wind chill Safe,2024-04-04 14:51:27,W5,No need, Good, Very poor,Shorts,Extreme caution,Safe,1,2,2,S,EC,S,4/4/2024
2:51 PM,Mandya, Karnataka,38,100.4,311,Fri 5,38,24,79,9,0.14,10,1012,6,11, Extreme,Waning Crescent,6:16 AM,6:34 PM,2:20 PM,2:37 AM,35,35,8,0.07,0,Umbrella No need,Outdoors Fair,Driving safety Fair,Clothing Shorts,Heat stroke Extreme caution,Wind chill Safe,2024-04-04 14:52:03,W5,No need, Fair, Fair,Shorts,Extreme caution,Safe,1,3,3,S,EC,S,4/4/2024
2:52 PM,Thane, Maharashtra,37,98.6,310,Fri 5,39,26,95,14,0.33,4,1010,18,9, Very High,Waning Crescent,6:29 AM,6:52 PM,2:25 PM,3:06 AM,35,35,1,0.01,0,Umbrella No need,Outdoors Good,Driving safety Very poor,Clothing Shorts,Heat stroke Extreme caution,Wind chill Safe,2024-04-04 14:52:35,W5,No need, Good, Very poor,Shorts,Extreme caution,Safe,1,2,2,S,EC,S,4/4/2024
2:52 PM,Chennai, Tamil Nadu,36,96.8,309,Fri 5,37,27,60,13,0.57,7,1007,26,11, Extreme,Waning Crescent,6:03 AM,6:20 PM,2:06 PM,2:24 AM,35,35,5,0.06,0,Umbrella No need,Outdoors Good,Driving safety Great,Clothing Shorts,Heat stroke Danger,Wind chill Safe,2024-04-04 14:53:10,W5,No need, Good, Great,Shorts,Danger,Safe,1,2,2,S,D,S,4/4/2024
2:53 PM,Delhi, India,37,98.6,310,Fri 5,36,21,255,10,0.13,6,1009,4,7, High,Waning Crescent,6:07 AM,6:41 PM,1:49 PM,3:09 AM,35,37,5,0.04,0,Umbrella No need,Outdoors Very poor,Driving safety Great,Clothing Shorts,Heat stroke Extreme caution,Wind chill Safe,2024-04-04 14:53:45,W5,No need, Very poor, Great,Shorts,Extreme caution,Safe,1,3,5,S,EC,S,4/4/2024
2:53 PM,Meghalaya Tourism Development Corporation, Shillong,23,73.4,296,Fri 5,24,18,92,9,0.44,4,1009,10,9, Very High,Waning Crescent,5:10 AM,5:40 PM,12:54 PM,2:01 AM,9,23,51,0.64,0,Umbrella No need,Outdoors Great,Driving safety Very poor,Clothing Light jacket,Heat stroke Safe,Wind chill Safe,2024-04-04 14:54:21,W5,No need, Great, Very poor,Light jacket,Safe,Safe,1,1,1,LJ,S,S,4/4/2024
2:54 PM,Srinagar, Jammu & Kashmir,18,64.4,291,Fri 5,18,7,128,3,0.51,4,1019,7,7, High,Waning Crescent,6:13 AM,6:54 PM,1:46 PM,3:33 AM,26,18,48,0.76,0.04,Umbrella No need,Outdoors Good,Driving safety Great,Clothing Light jacket,Heat stroke Safe,Wind chill Safe,2024-04-04 14:54:53,W5,No need, Good, Great,Light jacket,Safe,Safe,1,2,2,LJ,S,S,4/4/2024
2:54 PM,Bareilly, Uttar Pradesh,35,95,308,Fri 5,36,21,162,4,0.16,2,1007,6,7, High,Waning Crescent,5:58 AM,6:32 PM,1:40 PM,2:59 AM,35,36,5,0.04,0,Umbrella No need,Outdoors Very poor,Driving safety Very poor,Clothing Shorts,Heat stroke Extreme caution,Wind chill Safe,2024-04-04 14:55:30,W5,No need, Very poor, Very poor,Shorts,Extreme caution,Safe,1,3,5,S,EC,S,4/4/2024
2:55 PM,Manali, Himachal Pradesh,17,62.6,290,Fri 5,16,5,149,6,0.31,4,1020,0,9, Very High,Waning Crescent,6:05 AM,6:43 PM,1:41 PM,3:18 AM,21,7,4,0.03,0.63,Umbrella No need,Outdoors Good,Driving safety Great,Clothing Light jacket,Heat stroke Safe,Wind chill Safe,2024-04-04 14:56:10,W5,No need, Good, Great,Light jacket,Safe,Safe,1,2,2,LJ,S,S,4/4/2024
11:35 AM,Bengaluru South, Karnataka,29,84.2,302,Sun 7,37,23,78,4,0.25,8,1017,7,10, Very High,Waning Crescent,6:12 AM,6:31 PM,4:17 PM,4:12 AM,30,33,10,0.08,0,Umbrella No need,Outdoors Great,Driving safety Great,Clothing Shorts,Heat stroke Extreme caution,Wind chill Safe,2024-04-06 11:35:31,W7,No need, Great, Great,Shorts,Extreme caution,Safe,1,1,1,S,EC,S,4/6/2024
11:35 AM,Mumbai, Maharashtra,32,89.6,305,Sun 7,32,25,108,12,0.23,3,1010,8,9, Very High,Waning Crescent,6:28 AM,6:53 PM,4:32 PM,4:37 AM,30,31,0,0.01,0,Umbrella No need,Outdoors Good,Driving safety Very poor,Clothing Shorts,Heat stroke Extreme caution,Wind chill Safe,2024-04-06 11:36:02,W7,No need, Good, Very poor,Shorts,Extreme caution,Safe,1,2,2,S,EC,S,4/6/2024
11:36 AM,Mandya, Karnataka,34,93.2,307,Sun 7,38,24,78,7,0.2,10,1014,8,10, Very High,Waning Crescent,6:15 AM,6:34 PM,4:20 PM,4:14 AM,30,35,12,0.08,0,Umbrella No need,Outdoors Good,Driving safety Fair,Clothing Shorts,Heat stroke Extreme caution,Wind chill Safe,2024-04-06 11:36:31,W7,No need, Good, Fair,Shorts,Extreme caution,Safe,1,2,2,S,EC,S,4/6/2024
11:36 AM,Thane, Maharashtra,35,95,308,Sun 7,39,23,102,12,0.2,2.5,1010,9,9, Very High,Waning Crescent,6:27 AM,6:53 PM,4:32 PM,4:37 AM,30,35,0,0.01,0,Umbrella No need,Outdoors Good,Driving safety Very poor,Clothing Shorts,Heat stroke Extreme caution,Wind chill Safe,2024-04-06 11:37:02,W7,No need, Good, Very poor,Shorts,Extreme caution,Safe,1,2,2,S,EC,S,4/6/2024
11:37 AM,Chennai, Tamil Nadu,30,86,303,Sun 7,36,27,82,7,0.51,6,1010,19,9, Very High,Waning Crescent,6:01 AM,6:21 PM,4:06 PM,4:01 AM,30,35,14,0.06,0,Umbrella No need,Outdoors Good,Driving safety Great,Clothing Shorts,Heat stroke Danger,Wind chill Safe,2024-04-06 11:37:32,W7,No need, Good, Great,Shorts,Danger,Safe,1,2,2,S,D,S,4/6/2024
11:37 AM,Delhi, India,32,89.6,305,Sun 7,36,20,224,10,0.11,4,1011,-1,7, High,Waning Crescent,6:05 AM,6:42 PM,4:07 PM,4:29 AM,30,36,7,0.04,0,Umbrella No need,Outdoors Very poor,Driving safety Very poor,Clothing Shorts,Heat stroke Extreme caution,Wind chill Safe,2024-04-06 11:38:04,W7,No need, Very poor, Very poor,Shorts,Extreme caution,Safe,1,3,5,S,EC,S,4/6/2024
11:38 AM,Meghalaya Tourism Development Corporation, Shillong,24,75.2,297,Sun 7,25,17,115,10,0.4,2,1009,9,10, Very High,Waning Crescent,5:08 AM,5:41 PM,3:08 PM,3:26 AM,10,23,51,0.68,0,Umbrella No need,Outdoors Good,Driving safety Very poor,Clothing Light jacket,Heat stroke Safe,Wind chill Safe,2024-04-06 11:38:36,W7,No need, Good, Very poor,Light jacket,Safe,Safe,1,2,2,LJ,S,S,4/6/2024
11:38 AM,Srinagar, Jammu & Kashmir,16,60.8,289,Sun 7,20,7,108,3,0.5,4,1019,5,7, High,Waning Crescent,6:11 AM,6:55 PM,4:12 PM,4:46 AM,22,18,36,0.75,0.04,Umbrella No need,Outdoors Great,Driving safety Great,Clothing Light jacket,Heat stroke Safe,Wind chill Safe,2024-04-06 11:39:07,W7,No need, Great, Great,Light jacket,Safe,Safe,1,1,1,LJ,S,S,4/6/2024
11:39 AM,Bareilly, Uttar Pradesh,32,89.6,305,Sun 7,35,19,100,4,0.17,6,1009,5,7, High,Waning Crescent,5:56 AM,6:33 PM,3:58 PM,4:20 AM,29,36,6,0.04,0,Umbrella No need,Outdoors Good,Driving safety Great,Clothing Shorts,Heat stroke Extreme caution,Wind chill Safe,2024-04-06 11:39:39,W7,No need, Good, Great,Shorts,Extreme caution,Safe,1,2,2,S,EC,S,4/6/2024
11:39 AM,Manali, Himachal Pradesh,12,53.6,285,Sun 7,14,1,112,4,0.3,4,1020,-5,9, Very High,Waning Crescent,6:02 AM,6:44 PM,4:04 PM,4:34 AM,19,3,5,0.03,0.69,Umbrella No need,Outdoors Good,Driving safety Great,Clothing Light jacket,Heat stroke Safe,Wind chill Safe,2024-04-06 11:40:10,W7,No need, Good, Great,Light jacket,Safe,Safe,1,2,2,LJ,S,S,4/6/2024
6:06 PM,Bengaluru South, Karnataka,33,91.4,306,Wed 10,35,22,93,7,0.19,8,1013,7,11, Extreme,Waxing Crescent,6:10 AM,6:31 PM,7:13 PM,6:25 AM,30,34,12,0.1,0,Umbrella No need,Outdoors Great,Driving safety Great,Clothing Shorts,Heat stroke Extreme caution,Wind chill Safe,2024-04-09 18:06:57,W3,No need, Great, Great,Shorts,Extreme caution,Safe,1,1,1,S,EC,S,4/9/2024
6:07 PM,Mumbai, Maharashtra,31,87.8,304,Wed 10,32,26,158,13,0.66,4,1007,24,10, Very High,Waxing Crescent,6:25 AM,6:54 PM,7:39 PM,6:40 AM,30,31,0,0.01,0,Umbrella No need,Outdoors Great,Driving safety Poor,Clothing Shorts,Heat stroke Extreme caution,Wind chill Safe,2024-04-09 18:07:27,W3,No need, Great, Poor,Shorts,Extreme caution,Safe,1,1,1,S,EC,S,4/9/2024
6:07 PM,Mandya, Karnataka,36,96.8,309,Wed 10,38,24,95,13,0.17,10,1010,7,11, Extreme,Waxing Crescent,6:13 AM,6:34 PM,7:16 PM,6:28 AM,30,36,16,0.1,0,Umbrella No need,Outdoors Great,Driving safety Fair,Clothing Shorts,Heat stroke Extreme caution,Wind chill Safe,2024-04-09 18:07:58,W3,No need, Great, Fair,Shorts,Extreme caution,Safe,1,1,1,S,EC,S,4/9/2024
6:08 PM,Thane, Maharashtra,33,91.4,306,Wed 10,37,24,141,12,0.52,4,1007,22,10, Very High,Waxing Crescent,6:25 AM,6:54 PM,7:39 PM,6:39 AM,30,35,0,0.01,0,Umbrella No need,Outdoors Great,Driving safety Great,Clothing Shorts,Heat stroke Danger,Wind chill Safe,2024-04-09 18:08:30,W3,No need, Great, Great,Shorts,Danger,Safe,1,1,1,S,D,S,4/9/2024
6:08 PM,Chennai, Tamil Nadu,32,89.6,305,Wed 10,34,26,120,8,0.74,6,1008,26,9, Very High,Waxing Crescent,5:59 AM,6:21 PM,7:02 PM,6:14 AM,30,35,7,0.04,0,Umbrella No need,Outdoors Great,Driving safety Great,Clothing Shorts,Heat stroke Danger,Wind chill Safe,2024-04-09 18:09:01,W3,No need, Great, Great,Shorts,Danger,Safe,1,1,1,S,D,S,4/9/2024
6:09 PM,Delhi, India,35,95,308,Wed 10,39,21,350,8,0.09,5,1008,-2,6, High,Waxing Crescent,6:01 AM,6:43 PM,7:33 PM,6:14 AM,29,35,6,0.03,0,Umbrella No need,Outdoors Great,Driving safety Fair,Clothing Shorts,Heat stroke Extreme caution,Wind chill Safe,2024-04-09 18:09:34,W3,No need, Great, Fair,Shorts,Extreme caution,Safe,1,1,1,S,EC,S,4/9/2024
6:09 PM,Meghalaya Tourism Development Corporation, Shillong,20,68,293,Wed 10,24,16,130,3,0.49,2,1013,9,7, High,Waxing Crescent,5:05 AM,5:42 PM,6:27 PM,5:17 AM,10,24,57,0.74,0,Umbrella No need,Outdoors Great,Driving safety Great,Clothing Light jacket,Heat stroke Safe,Wind chill Safe,2024-04-09 18:10:06,W3,No need, Great, Great,Light jacket,Safe,Safe,1,1,1,LJ,S,S,4/9/2024
6:10 PM,Srinagar, Jammu & Kashmir,22,71.6,295,Wed 10,22,10,112,3,0.41,4,1015,9,7, High,Waxing Crescent,6:07 AM,6:57 PM,7:50 PM,6:19 AM,19,17,42,0.65,0.02,Umbrella No need,Outdoors Great,Driving safety Great,Clothing Light jacket,Heat stroke Safe,Wind chill Safe,2024-04-09 18:10:37,W3,No need, Great, Great,Light jacket,Safe,Safe,1,1,1,LJ,S,S,4/9/2024
6:10 PM,Bareilly, Uttar Pradesh,33,91.4,306,Wed 10,36,19,216,2,0.21,2,1008,8,6, High,Waxing Crescent,5:53 AM,6:34 PM,7:23 PM,6:05 AM,30,36,8,0.03,0,Umbrella No need,Outdoors Great,Driving safety Great,Clothing Shorts,Heat stroke Extreme caution,Wind chill Safe,2024-04-09 18:11:10,W3,No need, Great, Great,Shorts,Extreme caution,Safe,1,1,1,S,EC,S,4/9/2024
6:11 PM,Manali, Himachal Pradesh,17,62.6,290,Wed 10,17,3,152,6,0.32,4,1021,0,9, Very High,Waxing Crescent,5:59 AM,6:46 PM,7:38 PM,6:11 AM,21,6,7,0.04,0.57,Umbrella No need,Outdoors Good,Driving safety Great,Clothing Heavy coat,Heat stroke Safe,Wind chill Caution,2024-04-09 18:11:41,W3,No need, Good, Great,Heavy coat,Safe,Caution,1,2,2,HC,S,C,4/9/2024
9:13 AM,Bengaluru South, Karnataka,27,80.6,300,Mon 22,36,25,112,2,0.51,4,1014,16,10, Very High,Waxing Gibbous,6:03 AM,6:33 PM,4:36 PM,4:17 AM,30,34,24,0.23,0,Umbrella No need,Outdoors Good,Driving safety Great,Clothing Shorts,Heat stroke Extreme caution,Wind chill Safe,2024-04-21 9:13:36,W1,No need, Good, Great,Shorts,Extreme caution,Safe,1,2,2,S,EC,S,4/21/2024
9:13 AM,Mumbai, Maharashtra,29,84.2,302,Mon 22,32,26,75,10,0.45,3,1009,16,9, Very High,Waxing Gibbous,6:16 AM,6:57 PM,4:56 PM,4:38 AM,30,31,1,0.01,0,Umbrella No need,Outdoors Great,Driving safety Very poor,Clothing Shorts,Heat stroke Extreme caution,Wind chill Safe,2024-04-21 9:14:04,W1,No need, Great, Very poor,Shorts,Extreme caution,Safe,1,1,1,S,EC,S,4/21/2024
9:14 AM,Mandya, Karnataka,27,80.6,300,Mon 22,37,25,81,6,0.56,6,1015,18,10, Very High,Waxing Gibbous,6:06 AM,6:35 PM,4:39 PM,4:20 AM,30,35,27,0.19,0,Umbrella No need,Outdoors Great,Driving safety Fair,Clothing Shorts,Heat stroke Extreme caution,Wind chill Safe,2024-04-21 9:14:36,W1,No need, Great, Fair,Shorts,Extreme caution,Safe,1,1,1,S,EC,S,4/21/2024
9:14 AM,Thane, Maharashtra,30,86,303,Mon 22,37,25,78,6,0.44,2.5,1008,17,9, Very High,Waxing Gibbous,6:16 AM,6:57 PM,4:56 PM,4:37 AM,30,34,0,0.01,0,Umbrella No need,Outdoors Good,Driving safety Very poor,Clothing Shorts,Heat stroke Extreme caution,Wind chill Safe,2024-04-21 9:15:06,W1,No need, Good, Very poor,Shorts,Extreme caution,Safe,1,2,2,S,EC,S,4/21/2024
9:15 AM,Chennai, Tamil Nadu,31,87.8,304,Mon 22,36,28,61,8,0.68,5,1008,24,9, Very High,Waxing Gibbous,5:52 AM,6:22 PM,4:25 PM,4:07 AM,30,35,10,0.07,0,Umbrella No need,Outdoors Good,Driving safety Great,Clothing Shorts,Heat stroke Extreme danger,Wind chill Safe,2024-04-21 9:15:36,W1,No need, Good, Great,Shorts,Extreme danger,Safe,1,2,2,S,S,S,4/21/2024
9:15 AM,Delhi, India,29,84.2,302,Mon 22,37,24,339,8,0.29,2.5,1008,9,7, High,Waxing Gibbous,5:49 AM,6:50 PM,4:38 PM,4:22 AM,30,36,7,0.03,0,Umbrella No need,Outdoors Very poor,Driving safety Very poor,Clothing Shorts,Heat stroke Extreme caution,Wind chill Safe,2024-04-21 9:16:09,W1,No need, Very poor, Very poor,Shorts,Extreme caution,Safe,1,3,5,S,EC,S,4/21/2024
9:16 AM,Meghalaya Tourism Development Corporation, Shillong,22,71.6,295,Mon 22,26,19,55,5,0.55,2,1008,13,10, Very High,Waxing Gibbous,4:53 AM,5:48 PM,3:38 PM,3:22 AM,9,25,66,1.01,0,Umbrella No need,Outdoors Great,Driving safety Good,Clothing Light jacket,Heat stroke Safe,Wind chill Safe,2024-04-21 9:16:43,W1,No need, Great, Good,Light jacket,Safe,Safe,1,1,1,LJ,S,S,4/21/2024
9:16 AM,Srinagar, Jammu & Kashmir,11,51.8,284,Mon 22,20,8,82,2,0.77,4,1015,7,8, Very High,Waxing Gibbous,5:52 AM,7:07 PM,4:49 PM,4:33 AM,15,17,38,0.59,0.01,Umbrella No need,Outdoors Great,Driving safety Great,Clothing Light jacket,Heat stroke Safe,Wind chill Safe,2024-04-21 9:17:15,W1,No need, Great, Great,Light jacket,Safe,Safe,1,1,1,LJ,S,S,4/21/2024
9:17 AM,Bareilly, Uttar Pradesh,29,84.2,302,Mon 22,38,24,106,3,0.27,2,1003,9,8, Very High,Waxing Gibbous,5:40 AM,6:41 PM,4:29 PM,4:13 AM,30,36,7,0.04,0,Umbrella No need,Outdoors Good,Driving safety Very poor,Clothing Shorts,Heat stroke Extreme caution,Wind chill Safe,2024-04-21 9:17:47,W1,No need, Good, Very poor,Shorts,Extreme caution,Safe,1,2,2,S,EC,S,4/21/2024
9:17 AM,Manali, Himachal Pradesh,5,41,278,Mon 22,2,-6,111,3,0.56,6,1015,4,11, Extreme,Waxing Gibbous,5:44 AM,6:55 PM,4:39 PM,4:23 AM,24,2,13,0.07,0.39,Umbrella No need,Outdoors Good,Driving safety Great,Clothing Heavy coat,Heat stroke Safe,Wind chill Caution,2024-04-21 9:18:20,W1,No need, Good, Great,Heavy coat,Safe,Caution,1,2,2,HC,S,C,4/21/2024